code;departement;inscrits;votants;exprimes;nuance;voix;date_saisie;part_exprimes
1;Ain;;310781;303352; exg ;N/A;07-07-2024;0,96
1;Ain;446866;310781;303352;UG;70321;2024-07-07;23,18
1;Ain;446866;310781;303352;ECO;484;7 juillet 2024;0,16
1;Ain;446866;310781;303352;DIV;766;2024-07-07;0,25
1;Ain;446866;310781;303352;ENS;62300;07-07-2024;20,54
1;Ain;446866;310781;303352;LR;33697;7 juillet 2024;11,11
1;Ain;446866;310781;303352;DVD;9651;2024-07-07;3,18
1;Ain;446866;310781;303352;DSV;1280;07-07-2024;0,42
1;Ain;446866;310781;303352;RN;99481;7 juillet 2024;32,79
1;Ain;446866;310781;303352;REC;429;07-07-2024;0,14
1;Ain;446866;310781;303352;UXD;20161;2024-07-07;6,65
1;Ain;446866;310781;303352;EXD;1863;7 juillet 2024;0,61
2;Aisne;372655;238505;231265;EXG;3836;7 juillet 2024;1,66
2;Aisne;372655;238505;231265;DVG;15385;07/07/2024;6,65
2;Aisne;372655;238505;231265;UG;34772;2024-07-07;15,04
2;Aisne;372655;238505;231265;DIV;316;07-07-2024;0,14
2;Aisne;372655;238505;231265;ENS;31639;2024-07-07;13,68
2;Aisne;372655;238505;231265;LR;18953;2024-07-07;8,20
2;Aisne;372655;238505;231265;DSV;1165;07-07-2024;0,50
2;Aisne;372655;238505;231265;RN;99853;07/07/2024;43,18
2;Aisne;372655;238505;231265;REC;1216;7 juillet 2024;0,53
2;Aisne;372655;238505;231265;EXD;24130;07-07-2024;10,43
3;Allier;248492;170917;164573;EXG;2361;07-07-2024;1,43
3;Allier;248492;170917;164573;UG;40460;07/07/2024;24,58
3;Allier;248492;170917;164573;ENS;15335;2024-07-07;9,32
3;Allier;248492;170917;164573;UDI;1303;7 juillet 2024;0,79
3;Allier;248492;170917;164573;LR;39557;07-07-2024;24,04
3;Allier;248492;170917;164573;DVD;3548;7 juillet 2024;2,16
3;Allier;248492;170917;164573;RN;60896;7 juillet 2024;37,00
3;Allier;248492;170917;164573;REC;1113;2024-07-07;0,68
4;Alpes-de-Haute-Provence;128144;89839;86811;EXG;834;7 juillet 2024;0,96
4;Alpes-de-Haute-Provence;128144;89839;86811;UG;26231;07-07-2024;30,22
4;Alpes-de-Haute-Provence;128144;89839;86811;ENS;18294;07-07-2024;21,07
4;Alpes-de-Haute-Provence;128144;89839;86811;UDI;1;7 juillet 2024;0,00
4;Alpes-de-Haute-Provence;128144;89839;86811;LR;2956;2024-07-07;3,41
4;Alpes-de-Haute-Provence;128144;89839;86811;DVD;512;07-07-2024;0,59
4;Alpes-de-Haute-Provence;128144;89839;86811;RN;18616;2024-07-07;21,44
4;Alpes-de-Haute-Provence;128144;89839;86811;REC;;2024-07-07;1,21
4;Alpes-de-Haute-Provence;128144;89839;86811;UXD;18314;07/07/2024;21,10
5;Hautes-Alpes;114564;82236;79961;EXG;1037;2024-07-07;1,30
5;Hautes-Alpes;114564;82236;79961;UG;25229;07/07/2024;31,55
5;Hautes-Alpes;114564;82236;79961;DIV;2206;7 juillet 2024;2,76
5;Hautes-Alpes;114564;82236;79961;ENS;19650;7 juillet 2024;24,57
5;Hautes-Alpes;114564;82236;79961;LR;2950;07-07-2024;3,69
5;Hautes-Alpes;114564;82236;79961;RN;28889;07/07/2024;36,13
6;Alpes-Maritimes;784146;520859;509998;EXG;3120;7 juillet 2024;0,61
6;Alpes-Maritimes;784146;520859;509998;UG;98839;2024-07-07;19,38
6;Alpes-Maritimes;784146;520859;509998;ECO;16194;2024-07-07;3,18
6;Alpes-Maritimes;784146;520859;509998;REG;136;07-07-2024;0,03
6;Alpes-Maritimes;784146;520859;509998;DIV;6700;7 juillet 2024;1,31
6;Alpes-Maritimes;784146;520859;509998;ENS;74691;2024-07-07;14,65
6;Alpes-Maritimes;784146;520859;509998;LR;75315;2024-07-07;14,77
6;Alpes-Maritimes;784146;520859;509998;DSV;883;7 juillet 2024;0,17
6;Alpes-Maritimes;784146;520859;509998;RN;N/A;07-07-2024;30,74
6;Alpes-Maritimes;784146;520859;509998;REC;932;2024-07-07;0,18
6;Alpes-Maritimes;784146;520859;509998;UXD;74596;7 juillet 2024;14,63
6;Alpes-Maritimes;784146;520859;509998;EXD;1831;07-07-2024;0,36
7;Ardèche;257756;185082;180073;EXG;2410;7 juillet 2024;1,34
7;Ardèche;257756;185082;180073;UG;54099;7 juillet 2024;30,04
7;Ardèche;257756;185082;180073;REG;331;07-07-2024;0,18
7;Ardèche;257756;185082;180073;DIV;2417;2024-07-07;1,34
7;Ardèche;257756;185082;180073; ENS ;24539;2024-07-07;13,63
7;Ardèche;257756;185082;180073;LR;3067;7 juillet 2024;1,70
7;Ardèche;257756;185082;180073;DVD;25703;2024-07-07;14,27
7;Ardèche;257756;185082;180073;DSV;1264;07/07/2024;0,70
7;Ardèche;257756;185082;180073;RN;40064;07/07/2024;22,25
7;Ardèche;257756;185082;180073;REC;1762;2024-07-07;0,98
7;Ardèche;257756;185082;180073;UXD;24417;07/07/2024;13,56
8;Ardennes;185429;120990;118714;EXG;1424;2024-07-07;1,20
8;Ardennes;185429;120990;118714;UG;18954;07-07-2024;15,97
8;Ardennes;185429;120990;118714;ECO;956;2024-07-07;0,81
8;Ardennes;185429;120990;118714;div;998;7 juillet 2024;0,84
8;Ardennes;185429;120990;118714;ENS;15624;2024-07-07;13,16
8;Ardennes;185429;120990;118714;LR;1782;07/07/2024;1,50
8;Ardennes;185429;120990;118714;DVD;;2024-07-07;22,33
8;Ardennes;185429;120990;118714;RN;48210;7 juillet 2024;40,61
8;Ardennes;185429;120990;118714;EXD;4257;2024-07-07;3,59
9;Ariège;119467;84320;79199;EXG;4608;07-07-2024;5,82
9;Ariège;119467;84320;79199;UG;39156;7 juillet 2024;49,44
9;Ariège;119467;84320;79199;DVD;2023;07-07-2024;2,55
9;Ariège;119467;84320;79199;RN;31727;07-07-2024;40,06
9;Ariège;119467;84320;79199;REC;1685;07-07-2024;2,13
10;Aube;203412;137004;133555;EXG;1522;2024-07-07;1,14
10;Aube;203412;137004;133555;UG;24453;07/07/2024;18,31
10;Aube;203412;137004;133555;ECO;970;7 juillet 2024;0,73
10;Aube;203412;137004;133555;ENS;19595;7 juillet 2024;14,67
10;Aube;203412;137004;133555;LR;22477;7 juillet 2024;16,83
10;Aube;203412;137004;133555;DVD;1502;2024-07-07;1,12
10;Aube;203412;137004;133555;RN;63036;7 juillet 2024;47,20
11;Aude;281911;197157;189943;EXG;1330;07/07/2024;0,70
11;Aude;281911;197157;189943;DVG;8463;07-07-2024;4,46
11;Aude;281911;197157;189943;UG;48696;2024-07-07;25,64
11;Aude;281911;197157;189943;REG;0;2024-07-07;0,00
11;Aude;281911;197157;189943;DIV;2686;07-07-2024;1,41
11;Aude;281911;197157;189943;ENS;31134;2024-07-07;16,39
11;Aude;281911;197157;189943;DVC;465;2024-07-07;0,24
11;Aude;281911;197157;189943;UDI;1868;7 juillet 2024;0,98
11;Aude;281911;197157;189943;LR;2100;7 juillet 2024;1,11
11;Aude;281911;197157;189943;DVD;654;07/07/2024;0,34
11;Aude;281911;197157;189943;RN;90074;07-07-2024;47,42
11;Aude;281911;197157;189943;REC;2473;07/07/2024;1,30
12;Aveyron;218833;161220;154844;EXG;1620;07/07/2024;1,05
12;Aveyron;218833;161220;154844;UG;43100;2024-07-07;27,83
12;Aveyron;218833;161220;154844;ECO;1066;07/07/2024;0,69
12;Aveyron;218833;161220;154844;ENS;55553;2024-07-07;35,88
12;Aveyron;218833;161220;154844;DVD;811;2024-07-07;0,52
12;Aveyron;218833;161220;154844;DSV;N/A;07/07/2024;0,74
12;Aveyron;218833;161220;154844;RN;33509;2024-07-07;21,64
12;Aveyron;218833;161220;154844;UXD;18044;2024-07-07;11,65
13;Bouches-du-Rhône;1438716;956705;934551;EXG;6685;07-07-2024;0,72
13;Bouches-du-Rhône;1438716;956705;934551;DVG;13778;2024-07-07;1,47
13;Bouches-du-Rhône;1438716;956705;934551;UG;;2024-07-07;29,31
13;Bouches-du-Rhône;1438716;956705;934551;ECO;10140;07/07/2024;1,09
13;Bouches-du-Rhône;1438716;956705;934551;REG;2;2024-07-07;0,00
13;Bouches-du-Rhône;1438716;956705;934551;DIV;946;07/07/2024;0,10
13;Bouches-du-Rhône;1438716;956705;934551;ENS;183918;07/07/2024;19,68
13;Bouches-du-Rhône;1438716;956705;934551;DVC;3;07/07/2024;0,00
13;Bouches-du-Rhône;1438716;956705;934551;LR;45652;2024-07-07;4,88
13;Bouches-du-Rhône;1438716;956705;934551;DVD;378;7 juillet 2024;0,04
13;Bouches-du-Rhône;1438716;956705;934551;DSV;3248;07/07/2024;0,35
13;Bouches-du-Rhône;1438716;956705;934551;RN;341630;07/07/2024;36,56
13;Bouches-du-Rhône;1438716;956705;934551;REC;13325;7 juillet 2024;1,43
13;Bouches-du-Rhône;1438716;956705;934551; UXD ;40885;07/07/2024;4,37
13;Bouches-du-Rhône;1438716;956705;934551;EXD;4;2024-07-07;0,00
14;Calvados;516426;364341;355684;EXG;3597;07/07/2024;1,01
14;Calvados;516426;364341;355684;UG;93618;07/07/2024;26,32
14;Calvados;516426;364341;355684;DIV;12;2024-07-07;0,00
14;Calvados;516426;364341;355684;ENS;84690;2024-07-07;23,81
14;Calvados;516426;364341;355684;DVC;5080;2024-07-07;1,43
14;Calvados;516426;364341;355684;DVD;48257;07-07-2024;13,57
14;Calvados;516426;364341;355684;DSV;4296;2024-07-07;1,21
14;Calvados;516426;364341;355684;RN;113340;07-07-2024;31,87
14;Calvados;516426;364341;355684;REC;2794;7 juillet 2024;0,79
15;Cantal;114624;82445;80224;EXG;756;7 juillet 2024;0,94
15;Cantal;114624;82445;80224;UG;14812;07-07-2024;18,46
15;Cantal;114624;82445;80224;HOR;3377;07-07-2024;4,21
15;Cantal;114624;82445;80224;ENS;3019;2024-07-07;3,76
15;Cantal;114624;82445;80224;DVD;32346;07-07-2024;40,32
15;Cantal;114624;82445;80224;RN;25284;07-07-2024;31,52
15;Cantal;114624;82445;80224;REC;630;07-07-2024;0,79
16;Charente;258184;177234;170977;EXG;2494;2024-07-07;1,46
16;Charente;258184;177234;170977;UG;45027;2024-07-07;26,34
16;Charente;258184;177234;170977;eco;457;2024-07-07;0,27
16;Charente;258184;177234;170977;HOR;16784;7 juillet 2024;9,82
16;Charente;258184;177234;170977;ENS;29920;07-07-2024;17,50
16;Charente;258184;177234;170977;UDI;2293;2024-07-07;1,34
16;Charente;258184;177234;170977;LR;7055;2024-07-07;4,13
16;Charente;258184;177234;170977;RN;42737;7 juillet 2024;25,00
16;Charente;258184;177234;170977;REC;;07-07-2024;1,32
16;Charente;;177234;170977;UXD;21440;07/07/2024;12,54
16;Charente;258184;177234;170977;EXD;509;07/07/2024;0,30
17;Charente-Maritime;524078;365607;355954;EXG;4133;7 juillet 2024;1,16
17;Charente-Maritime;524078;365607;355954;DVG;35413;07/07/2024;9,95
17;Charente-Maritime;524078;365607;355954;UG;88598;2024-07-07;24,89
17;Charente-Maritime;524078;365607;355954;REG;0;07-07-2024;0,00
17;Charente-Maritime;524078;365607;355954;DIV;170;07/07/2024;0,05
17;Charente-Maritime;524078;365607;355954;HOR;27124;2024-07-07;7,62
17;Charente-Maritime;524078;365607;355954;ENS;52934;07-07-2024;14,87
17;Charente-Maritime;524078;365607;355954;LR;14902;07-07-2024;4,19
17;Charente-Maritime;524078;365607;355954;RN;N/A;07/07/2024;37,00
17;Charente-Maritime;524078;365607;355954;REC;975;07-07-2024;0,27
18;Cher;222522;147076;142300;EXG;1828;7 juillet 2024;1,28
18;Cher;222522;147076;142300;UG;33387;07/07/2024;23,46
18;Cher;222522;147076;142300;REG;149;7 juillet 2024;0,10
18;Cher;222522;147076;142300;ENS;40809;7 juillet 2024;28,68
18;Cher;222522;147076;142300;LR;3178;2024-07-07;2,23
18;Cher;222522;147076;142300;DVD;2705;2024-07-07;1,90
18;Cher;222522;147076;142300;DSV;290;07/07/2024;0,20
18;Cher;222522;147076;142300;RN;58847;07-07-2024;41,35
18;Cher;222522;147076;142300;REC;1107;07/07/2024;0,78
19;Corrèze;185012;135276;129778;EXG;2612;2024-07-07;2,01
19;Corrèze;185012;135276;129778;UG;41783;2024-07-07;32,20
19;Corrèze;185012;135276;129778;LR;41272;07/07/2024;31,80
19;Corrèze;185012;135276;129778;RN;43548;7 juillet 2024;33,56
19;Corrèze;185012;135276;129778;REC;563;7 juillet 2024;0,43
21;Côte-d'Or;367955;261166;254532;EXG;3471;7 juillet 2024;1,36
21;Côte-d'Or;367955;261166;254532;DVG;3408;07-07-2024;1,34
21;Côte-d'Or;367955;261166;254532;UG;63846;2024-07-07;25,08
21;Côte-d'Or;367955;261166;254532;ECO;1222;7 juillet 2024;0,48
21;Côte-d'Or;367955;261166;254532;ENS;55878;07-07-2024;21,95
21;Côte-d'Or;367955;261166;254532;DVC;233;07-07-2024;0,09
21;Côte-d'Or;367955;261166;254532;LR;30250;07-07-2024;11,88
21;Côte-d'Or;367955;261166;254532;DVD;1531;7 juillet 2024;0,60
21;Côte-d'Or;367955;261166;254532; DSV ;231;2024-07-07;0,09
21;Côte-d'Or;367955;261166;254532;RN;76545;07/07/2024;30,07
21;Côte-d'Or;367955;261166;254532;REC;;07/07/2024;0,20
21;Côte-d'Or;367955;261166;254532;UXD;17405;07/07/2024;6,84
22;Côtes-d'Armor;473904;351392;341752;EXG;5704;7 juillet 2024;1,67
22;Côtes-d'Armor;473904;351392;341752;UG;96012;07-07-2024;28,09
22;Côtes-d'Armor;473904;351392;341752;ECO;1806;2024-07-07;0,53
22;Côtes-d'Armor;473904;351392;341752;REG;1484;07/07/2024;0,43
22;Côtes-d'Armor;473904;351392;341752;DIV;426;07/07/2024;0,12
22;Côtes-d'Armor;473904;351392;341752;ENS;103505;07-07-2024;30,29
22;Côtes-d'Armor;473904;351392;341752;DVC;552;07/07/2024;0,16
22;Côtes-d'Armor;473904;351392;341752;LR;24155;7 juillet 2024;7,07
22;Côtes-d'Armor;473904;351392;341752;DVD;5946;2024-07-07;1,74
22;Côtes-d'Armor;473904;351392;341752;RN;101308;07/07/2024;29,64
22;Côtes-d'Armor;473904;351392;341752;REC;854;7 juillet 2024;0,25
23;Creuse;89980;63557;61182;EXG;958;2024-07-07;1,57
23;Creuse;89980;63557;61182;UG;14359;2024-07-07;23,47
23;Creuse;89980;63557;61182;DIV;763;07/07/2024;1,25
23;Creuse;89980;63557;61182;ENS;10670;07-07-2024;17,44
23;Creuse;89980;63557;61182;DVD;13536;07/07/2024;22,12
23;Creuse;89980;63557;61182;REC;493;7 juillet 2024;0,81
23;Creuse;89980;63557;61182;UXD;20403;07-07-2024;33,35
24;Dordogne;319281;229285;220680;EXG;2905;2024-07-07;1,32
24;Dordogne;319281;229285;220680;UG;67072;2024-07-07;30,39
24;Dordogne;319281;229285;220680;DIV;129;07/07/2024;0,06
24;Dordogne;319281;229285;220680;ENS;37015;07/07/2024;16,77
24;Dordogne;319281;229285;220680;DVC;10521;2024-07-07;4,77
24;Dordogne;319281;229285;220680;LR;15303;07-07-2024;6,93
24;Dordogne;319281;229285;220680;RN;86433;07-07-2024;39,17
24;Dordogne;319281;229285;220680;REC;N/A;07-07-2024;0,59
25;Doubs;370148;257393;250140;exg;3682;2024-07-07;1,47
25;Doubs;370148;257393;250140;UG;66338;2024-07-07;26,52
25;Doubs;370148;257393;250140;ECO;1829;7 juillet 2024;0,73
25;Doubs;370148;257393;250140;REG;2;7 juillet 2024;0,00
25;Doubs;370148;257393;250140;DIV;497;7 juillet 2024;0,20
25;Doubs;370148;257393;250140;ENS;61010;07-07-2024;24,39
25;Doubs;370148;257393;250140;LR;24571;07/07/2024;9,82
25;Doubs;370148;257393;250140;DSV;889;07-07-2024;0,36
25;Doubs;370148;257393;250140;RN;72527;07-07-2024;28,99
25;Doubs;370148;257393;250140;UXD;;7 juillet 2024;7,51
26;Drôme;386344;273054;266172;EXG;2736;7 juillet 2024;1,03
26;Drôme;386344;273054;266172;UG;80317;2024-07-07;30,17
26;Drôme;386344;273054;266172;ENS;41951;2024-07-07;15,76
26;Drôme;386344;273054;266172;LR;39466;7 juillet 2024;14,83
26;Drôme;386344;273054;266172;DVD;1795;2024-07-07;0,67
26;Drôme;386344;273054;266172;DSV;798;07-07-2024;0,30
26;Drôme;386344;273054;266172;RN;70273;07-07-2024;26,40
26;Drôme;386344;273054;266172;REC;2816;7 juillet 2024;1,06
26;Drôme;386344;273054;266172;UXD;26020;7 juillet 2024;9,78
27;Eure;435450;293486;285976;EXG;3950;2024-07-07;1,38
27;Eure;435450;293486;285976;UG;65973;07-07-2024;23,07
27;Eure;435450;293486;285976;DIV;517;07/07/2024;0,18
27;Eure;435450;293486;285976;ENS;62400;7 juillet 2024;21,82
27;Eure;435450;293486;285976;DVC;9369;07-07-2024;3,28
27;Eure;435450;293486;285976;LR;3233;2024-07-07;1,13
27;Eure;435450;293486;285976;DVD;8773;7 juillet 2024;3,07
27;Eure;435450;293486;285976;RN;129111;07-07-2024;45,15
27;Eure;435450;293486;285976;REC;2651;2024-07-07;0,93
28;Eure-et-Loir;305627;201734;196775;EXG;5206;7 juillet 2024;2,65
28;Eure-et-Loir;305627;201734;196775;UG;32904;7 juillet 2024;16,72
28;Eure-et-Loir;305627;201734;196775;ENS;40722;2024-07-07;20,69
28;Eure-et-Loir;305627;201734;196775; DVC ;16439;07/07/2024;8,35
28;Eure-et-Loir;305627;201734;196775;LR;22245;2024-07-07;11,30
28;Eure-et-Loir;305627;201734;196775;RN;57662;07-07-2024;29,30
28;Eure-et-Loir;305627;201734;196775;REC;2743;7 juillet 2024;1,39
28;Eure-et-Loir;305627;201734;196775;UXD;18854;7 juillet 2024;9,58
29;Finistère;714429;524034;511456;EXG;6450;2024-07-07;1,26
29;Finistère;714429;524034;511456;DVG;-1200;07-07-2024;2,97
29;Finistère;714429;524034;511456;UG;152747;7 juillet 2024;29,87
29;Finistère;714429;524034;511456;ECO;1131;2024-07-07;0,22
29;Finistère;714429;524034;511456;REG;4750;07-07-2024;0,93
29;Finistère;714429;524034;511456;DIV;293;7 juillet 2024;0,06
29;Finistère;714429;524034;511456;ENS;152782;07/07/2024;29,87
29;Finistère;714429;524034;511456;DVC;11137;07-07-2024;2,18
29;Finistère;714429;524034;511456;LR;19509;07/07/2024;3,81
29;Finistère;714429;524034;511456;DVD;6697;2024-07-07;1,31
29;Finistère;714429;524034;511456;DSV;;07/07/2024;0,33
29;Finistère;714429;524034;511456;RN;136950;07-07-2024;26,78
29;Finistère;714429;524034;511456;REC;2057;7 juillet 2024;0,40
29;Finistère;714429;524034;511456;EXD;55;2024-07-07;0,01
2A;Corse-du-Sud;114985;73460;72066;EXG;133;07/07/2024;0,18
2A;Corse-du-Sud;114985;73460;72066;COM;3125;7 juillet 2024;4,34
2A;Corse-du-Sud;114985;73460;72066;SOC;N/A;07/07/2024;6,63
2A;Corse-du-Sud;114985;73460;72066;REG;23283;7 juillet 2024;32,31
2A;Corse-du-Sud;114985;73460;72066;ENS;10210;2024-07-07;14,17
2A;Corse-du-Sud;114985;73460;72066;DVD;6538;07-07-2024;9,07
2A;Corse-du-Sud;114985;73460;72066;RN;23997;2024-07-07;33,30
2B;Haute-Corse;130037;83732;82039;EXG;483;2024-07-07;0,59
2B;Haute-Corse;130037;83732;82039;FI;3353;07-07-2024;4,09
2B;Haute-Corse;130037;83732;82039;VEC;2668;7 juillet 2024;3,25
2B;Haute-Corse;130037;83732;82039;REG;30011;07/07/2024;36,58
2B;Haute-Corse;130037;83732;82039;DIV;50;07-07-2024;0,06
2B;Haute-Corse;130037;83732;82039;DVC;7481;07/07/2024;9,12
2B;Haute-Corse;130037;83732;82039;DVD;15100;07/07/2024;18,41
2B;Haute-Corse;130037;83732;82039;DSV;393;7 juillet 2024;0,48
2B;Haute-Corse;130037;83732;82039;RN;22130;2024-07-07;26,97
2B;Haute-Corse;130037;83732;82039;REC;370;07-07-2024;0,45
30;Gard;562198;385840;376201;EXG;3991;07/07/2024;1,06
30;Gard;562198;385840;376201;UG;103579;2024-07-07;27,53
30;Gard;562198;385840;376201;REG;1309;2024-07-07;0,35
30;Gard;562198;385840;376201;DIV;752;2024-07-07;0,20
30;Gard;562198;385840;376201;ens;65842;7 juillet 2024;17,50
30;Gard;562198;385840;376201;UDI;1841;2024-07-07;0,49
30;Gard;562198;385840;376201;LR;25750;07-07-2024;6,84
30;Gard;562198;385840;376201;DVD;0;07/07/2024;0,00
30;Gard;562198;385840;376201;RN;145534;2024-07-07;38,69
30;Gard;562198;385840;376201;UXD;27602;7 juillet 2024;7,34
30;Gard;562198;385840;376201;EXD;1;07-07-2024;0,00
31;Haute-Garonne;950712;692116;672346;EXG;6441;7 juillet 2024;0,96
31;Haute-Garonne;950712;692116;672346;DVG;828;7 juillet 2024;0,12
31;Haute-Garonne;950712;692116;672346;UG;255623;2024-07-07;38,02
31;Haute-Garonne;950712;692116;672346;ECO;5856;07/07/2024;0,87
31;Haute-Garonne;950712;692116;672346;REG;150;7 juillet 2024;0,02
31;Haute-Garonne;950712;692116;672346;DIV;;07-07-2024;0,17
31;Haute-Garonne;950712;692116;672346;ENS;180747;2024-07-07;26,88
31;Haute-Garonne;;692116;672346;DVC;5464;7 juillet 2024;0,81
31;Haute-Garonne;950712;692116;672346;LR;3308;2024-07-07;0,49
31;Haute-Garonne;950712;692116;672346;DVD;1967;7 juillet 2024;0,29
31;Haute-Garonne;950712;692116;672346;DSV;746;2024-07-07;0,11
31;Haute-Garonne;950712;692116;672346;RN;171031;2024-07-07;25,44
31;Haute-Garonne;950712;692116;672346;REC;9022;07-07-2024;1,34
31;Haute-Garonne;950712;692116;672346;UXD;30042;2024-07-07;4,47
32;Gers;146904;108484;104815; EXG ;777;2024-07-07;0,74
32;Gers;146904;108484;104815;DVG;24185;2024-07-07;23,07
32;Gers;146904;108484;104815;UG;14129;2024-07-07;13,48
32;Gers;146904;108484;104815;ECO;1375;7 juillet 2024;1,31
32;Gers;146904;108484;104815;REG;2281;07/07/2024;2,18
32;Gers;146904;108484;104815;ENS;16072;07/07/2024;15,33
32;Gers;146904;108484;104815;LR;7416;07-07-2024;7,08
32;Gers;146904;108484;104815;RN;37314;07-07-2024;35,60
32;Gers;146904;108484;104815;REC;1266;07/07/2024;1,21
33;Gironde;1182276;836263;814278;EXG;10056;07-07-2024;1,23
33;Gironde;1182276;836263;814278;DVG;305;2024-07-07;0,04
33;Gironde;1182276;836263;814278;UG;268154;7 juillet 2024;32,93
33;Gironde;1182276;836263;814278;ECO;2984;7 juillet 2024;0,37
33;Gironde;1182276;836263;814278;DIV;N/A;07-07-2024;0,02
33;Gironde;1182276;836263;814278;ENS;229977;7 juillet 2024;28,24
33;Gironde;1182276;836263;814278;DVC;7791;7 juillet 2024;0,96
33;Gironde;1182276;836263;814278;LR;16752;07-07-2024;2,06
33;Gironde;1182276;836263;814278;DVD;4398;07-07-2024;0,54
33;Gironde;1182276;836263;814278;RN;268059;07/07/2024;32,92
33;Gironde;1182276;836263;814278;REC;5639;7 juillet 2024;0,69
33;Gironde;1182276;836263;814278;EXD;20;2024-07-07;0,00
34;Hérault;864765;599075;582760;EXG;5357;07-07-2024;0,92
34;Hérault;864765;599075;582760;UG;188402;07-07-2024;32,33
34;Hérault;864765;599075;582760;ECO;4068;7 juillet 2024;0,70
34;Hérault;864765;599075;582760;DIV;1140;07-07-2024;0,20
34;Hérault;864765;599075;582760;ENS;116918;7 juillet 2024;20,06
34;Hérault;864765;599075;582760;UDI;1157;2024-07-07;0,20
34;Hérault;864765;599075;582760;LR;4447;07/07/2024;0,76
34;Hérault;864765;599075;582760;DVD;;7 juillet 2024;4,49
34;Hérault;864765;599075;582760;RN;185960;2024-07-07;31,91
34;Hérault;864765;599075;582760;REC;6546;2024-07-07;1,12
34;Hérault;864765;599075;582760;UXD;42625;07-07-2024;7,31
35;Ille-et-Vilaine;786142;578396;564554;EXG;7293;07-07-2024;1,29
35;Ille-et-Vilaine;786142;578396;564554;DVG;486;7 juillet 2024;0,09
35;Ille-et-Vilaine;786142;578396;564554;UG;194754;07/07/2024;34,50
35;Ille-et-Vilaine;786142;578396;564554;ECO;76;2024-07-07;0,01
35;Ille-et-Vilaine;786142;578396;564554;REG;2787;07/07/2024;0,49
35;Ille-et-Vilaine;786142;578396;564554;ENS;161391;07-07-2024;28,59
35;Ille-et-Vilaine;786142;578396;564554;DVC;4067;07/07/2024;0,72
35;Ille-et-Vilaine;786142;578396;564554;LR;18083;7 juillet 2024;3,20
35;Ille-et-Vilaine;786142;578396;564554;DVD;34237;07/07/2024;6,06
35;Ille-et-Vilaine;786142;578396;564554;DSV;985;07/07/2024;0,17
35;Ille-et-Vilaine;786142;578396;564554;RN;140395;07-07-2024;24,87
36;Indre;164446;111895;107903;EXG;1687;07-07-2024;1,56
36;Indre;164446;111895;107903;UG;24441;2024-07-07;22,65
36;Indre;164446;111895;107903;DIV;836;2024-07-07;0,77
36;Indre;164446;111895;107903;HOR;17256;7 juillet 2024;15,99
36;Indre;164446;111895;107903;LR;18700;7 juillet 2024;17,33
36;Indre;164446;111895;107903;RN;19755;07-07-2024;18,31
36;Indre;164446;111895;107903;REC;716;7 juillet 2024;0,66
36;Indre;164446;111895;107903;uxd;24512;07/07/2024;22,72
37;Indre-et-Loire;444906;308239;299902;EXG;3902;2024-07-07;1,30
37;Indre-et-Loire;444906;308239;299902;DVG;1690;07-07-2024;0,56
37;Indre-et-Loire;444906;308239;299902;UG;86212;2024-07-07;28,75
37;Indre-et-Loire;444906;308239;299902;DIV;4252;7 juillet 2024;1,42
37;Indre-et-Loire;444906;308239;299902;ENS;87425;7 juillet 2024;29,15
37;Indre-et-Loire;444906;308239;299902;LR;18989;7 juillet 2024;6,33
37;Indre-et-Loire;444906;308239;299902;RN;72712;7 juillet 2024;24,25
37;Indre-et-Loire;444906;308239;299902;REC;2996;07/07/2024;1,00
37;Indre-et-Loire;444906;308239;299902;UXD;21724;2024-07-07;7,24
38;Isère;891713;633410;619891;EXG;6883;7 juillet 2024;1,11
38;Isère;891713;633410;619891; DVG ;3348;7 juillet 2024;0,54
38;Isère;891713;633410;619891;UG;196644;7 juillet 2024;31,72
38;Isère;891713;633410;619891;ECO;1014;2024-07-07;0,16
38;Isère;891713;633410;619891;DIV;215;07/07/2024;0,03
38;Isère;891713;633410;619891;ENS;;7 juillet 2024;20,28
38;Isère;891713;633410;619891;DVC;N/A;07/07/2024;1,17
38;Isère;891713;633410;619891;UDI;370;7 juillet 2024;0,06
38;Isère;891713;633410;619891;LR;60968;7 juillet 2024;9,84
38;Isère;891713;633410;619891;DSV;789;2024-07-07;0,13
38;Isère;891713;633410;619891;RN;158894;2024-07-07;25,63
38;Isère;891713;633410;619891;REC;2648;7 juillet 2024;0,43
38;Isère;891713;633410;619891;UXD;55163;07-07-2024;8,90
39;Jura;190853;135019;131192;EXG;1968;07/07/2024;1,50
39;Jura;190853;135019;131192;UG;31489;2024-07-07;24,00
39;Jura;190853;135019;131192;ENS;16231;07/07/2024;12,37
39;Jura;190853;135019;131192;LR;31234;07-07-2024;23,81
39;Jura;190853;135019;131192;DSV;694;7 juillet 2024;0,53
39;Jura;190853;135019;131192;RN;49186;07-07-2024;37,49
39;Jura;190853;135019;131192;REC;390;07/07/2024;0,30
40;Landes;334334;240666;232982;EXG;2204;07-07-2024;0,95
40;Landes;334334;240666;232982;UG;71346;2024-07-07;30,62
40;Landes;334334;240666;232982;REG;1809;2024-07-07;0,78
40;Landes;334334;240666;232982;ENS;58714;2024-07-07;25,20
40;Landes;334334;240666;232982;DVC;1865;7 juillet 2024;0,80
40;Landes;334334;240666;232982;LR;13046;07/07/2024;5,60
40;Landes;334334;240666;232982;RN;81567;07-07-2024;35,01
40;Landes;334334;240666;232982;REC;2431;7 juillet 2024;1,04
41;Loir-et-Cher;244040;166919;160894;EXG;3780;07-07-2024;2,35
41;Loir-et-Cher;244040;166919;160894;DVG;8311;2024-07-07;5,17
41;Loir-et-Cher;244040;166919;160894;UG;20822;07/07/2024;12,94
41;Loir-et-Cher;244040;166919;160894;DIV;142;7 juillet 2024;0,09
41;Loir-et-Cher;244040;166919;160894;ENS;38725;07-07-2024;24,07
41;Loir-et-Cher;244040;166919;160894;DVC;2867;7 juillet 2024;1,78
41;Loir-et-Cher;244040;166919;160894;UDI;2803;07/07/2024;1,74
41;Loir-et-Cher;244040;166919;160894;UDI;2803;07/07/2024;1,74
41;Loir-et-Cher;244040;166919;160894;LR;3220;07-07-2024;2,00
41;Loir-et-Cher;244040;166919;160894;DVD;10386;07-07-2024;6,46
41;Loir-et-Cher;244040;166919;160894;RN;67371;2024-07-07;41,87
41;Loir-et-Cher;244040;166919;160894;REC;2467;2024-07-07;1,53
42;Loire;517195;357504;348683;EXG;4955;07/07/2024;1,42
42;Loire;517195;357504;348683;DVG;754;07-07-2024;0,22
42;Loire;517195;357504;348683;UG;90895;07-07-2024;26,07
42;Loire;517195;357504;348683;ECO;;07-07-2024;0,60
42;Loire;517195;357504;348683;ENS;26107;07-07-2024;7,49
42;Loire;517195;357504;348683;DVC;10754;07-07-2024;3,08
42;Loire;517195;357504;348683;UDI;7310;2024-07-07;2,10
42;Loire;517195;357504;348683;LR;73205;07/07/2024;20,99
42;Loire;517195;357504;348683;DVD;1177;07-07-2024;0,34
42;Loire;517195;357504;348683;RN;130117;07/07/2024;37,32
42;Loire;517195;357504;348683;REC;1084;7 juillet 2024;0,31
42;Loire;517195;357504;348683;EXD;239;07/07/2024;0,07
43;Haute-Loire;182106;131939;129156;EXG;1463;7 juillet 2024;1,13
43;Haute-Loire;182106;131939;129156;UG;24592;7 juillet 2024;19,04
43;Haute-Loire;182106;131939;129156;ENS;11539;07/07/2024;8,93
43;Haute-Loire;182106;131939;129156;LR;48586;7 juillet 2024;37,62
43;Haute-Loire;182106;131939;129156;RN;42976;07-07-2024;33,27
44;Loire-Atlantique;1073848;766963;746531;EXG;9595;07-07-2024;1,29
44;Loire-Atlantique;1073848;766963;746531;DVG;12060;7 juillet 2024;1,62
44;Loire-Atlantique;1073848;766963;746531;UG;266958;07-07-2024;35,76
44;Loire-Atlantique;1073848;766963;746531;ECO;N/A;07-07-2024;0,44
44;Loire-Atlantique;1073848;766963;746531;REG;3018;7 juillet 2024;0,40
44;Loire-Atlantique;1073848;766963;746531;div;0;07/07/2024;0,00
44;Loire-Atlantique;1073848;766963;746531; ENS ;165458;07/07/2024;22,16
44;Loire-Atlantique;1073848;766963;746531;LR;31060;2024-07-07;4,16
44;Loire-Atlantique;1073848;766963;746531;DVD;58395;07-07-2024;7,82
44;Loire-Atlantique;1073848;766963;746531;DSV;6113;2024-07-07;0,82
44;Loire-Atlantique;1073848;766963;746531;RN;142001;2024-07-07;19,02
44;Loire-Atlantique;1073848;766963;746531;REC;2635;2024-07-07;0,35
44;Loire-Atlantique;1073848;766963;746531;UXD;45932;07/07/2024;6,15
45;Loiret;461119;311007;303676;EXG;2983;07/07/2024;0,98
45;Loiret;461119;311007;303676;DVG;2129;7 juillet 2024;0,70
45;Loiret;461119;311007;303676;UG;76532;07/07/2024;25,20
45;Loiret;461119;311007;303676;ECO;1474;07/07/2024;0,49
45;Loiret;461119;311007;303676;DIV;1272;7 juillet 2024;0,42
45;Loiret;461119;311007;303676;ENS;63306;2024-07-07;20,85
45;Loiret;461119;311007;303676;DVC;3620;2024-07-07;1,19
45;Loiret;461119;311007;303676;LR;12303;2024-07-07;4,05
45;Loiret;461119;311007;303676;DVD;19858;7 juillet 2024;6,54
45;Loiret;461119;311007;303676;DSV;595;07/07/2024;0,20
45;Loiret;461119;311007;303676;RN;;2024-07-07;38,06
45;Loiret;461119;311007;303676;REC;4017;07/07/2024;1,32
46;Lot;139367;102973;99806;EXG;960;7 juillet 2024;0,96
46;Lot;;102973;99806;DVG;259;7 juillet 2024;0,26
46;Lot;139367;102973;99806;UG;30854;07/07/2024;30,91
46;Lot;139367;102973;99806;DIV;1237;7 juillet 2024;1,24
46;Lot;139367;102973;99806;ENS;17441;2024-07-07;17,47
46;Lot;139367;102973;99806;LR;22180;07/07/2024;22,22
46;Lot;139367;102973;99806;RN;26477;7 juillet 2024;26,53
46;Lot;139367;102973;99806;REC;398;7 juillet 2024;0,40
47;Lot-et-Garonne;241288;169033;163188;EXG;2150;07/07/2024;1,32
47;Lot-et-Garonne;241288;169033;163188;DVG;7457;07-07-2024;4,57
47;Lot-et-Garonne;241288;169033;163188;UG;38770;07-07-2024;23,76
47;Lot-et-Garonne;241288;169033;163188;REG;1021;2024-07-07;0,63
47;Lot-et-Garonne;241288;169033;163188;ENS;28427;07/07/2024;17,42
47;Lot-et-Garonne;241288;169033;163188;DVD;12876;2024-07-07;7,89
47;Lot-et-Garonne;241288;169033;163188;RN;72487;7 juillet 2024;44,42
48;Lozère;59764;44845;43478;EXG;284;7 juillet 2024;0,65
48;Lozère;59764;44845;43478;DVG;81;07/07/2024;0,19
48;Lozère;59764;44845;43478;UG;15292;07-07-2024;35,17
48;Lozère;59764;44845;43478;DIV;2627;2024-07-07;6,04
48;Lozère;59764;44845;43478;DVD;10451;7 juillet 2024;24,04
48;Lozère;59764;44845;43478;RN;14743;07-07-2024;33,91
49;Maine-et-Loire;597376;416526;404095;EXG;5873;07/07/2024;1,45
49;Maine-et-Loire;597376;416526;404095;UG;104086;2024-07-07;25,76
49;Maine-et-Loire;597376;416526;404095;ENS;130064;2024-07-07;32,19
49;Maine-et-Loire;597376;416526;404095;DVC;2719;7 juillet 2024;0,67
49;Maine-et-Loire;597376;416526;404095;LR;38451;07/07/2024;9,52
49;Maine-et-Loire;597376;416526;404095;DVD;0;07/07/2024;0,00
49;Maine-et-Loire;597376;416526;404095;DSV;3584;07-07-2024;0,89
49;Maine-et-Loire;597376;416526;404095;RN;101522;07/07/2024;25,12
49;Maine-et-Loire;597376;416526;404095;REC;1730;07/07/2024;0,43
49;Maine-et-Loire;597376;416526;404095;UXD;16066;2024-07-07;3,98
50;Manche;383268;265897;259482;EXG;N/A;07/07/2024;1,12
50;Manche;383268;265897;259482;UG;57452;07/07/2024;22,14
50;Manche;383268;265897;259482;ECO;639;2024-07-07;0,25
50;Manche;383268;265897;259482;DIV;6951;07-07-2024;2,68
50;Manche;383268;265897;259482;ENS;;2024-07-07;25,79
50;Manche;383268;265897;259482;DVD;37060;2024-07-07;14,28
50;Manche;383268;265897;259482;DSV;945;2024-07-07;0,36
50;Manche;383268;265897;259482;RN;40519;07-07-2024;15,62
50;Manche;383268;265897;259482;REC;2865;07-07-2024;1,10
50;Manche;383268;265897;259482;UXD;43206;07/07/2024;16,65
51;Marne;381989;252247;246124;EXG;3237;07-07-2024;1,32
51;Marne;381989;252247;246124; UG ;46411;07-07-2024;18,86
51;Marne;381989;252247;246124;ECO;1301;7 juillet 2024;0,53
51;Marne;381989;252247;246124;DIV;134;2024-07-07;0,05
51;Marne;381989;252247;246124;ENS;62001;2024-07-07;25,19
51;Marne;381989;252247;246124;DVC;21751;7 juillet 2024;8,84
51;Marne;381989;252247;246124;LR;3249;2024-07-07;1,32
51;Marne;381989;252247;246124;DVD;21122;2024-07-07;8,58
51;Marne;381989;252247;246124;DSV;1219;07-07-2024;0,50
51;Marne;381989;252247;246124;RN;62644;07/07/2024;25,45
51;Marne;381989;252247;246124;rec;1165;2024-07-07;0,47
51;Marne;381989;252247;246124;UXD;21890;7 juillet 2024;8,89
52;Haute-Marne;128214;84666;81648;EXG;1553;07-07-2024;1,90
52;Haute-Marne;128214;84666;81648;UG;13980;2024-07-07;17,12
52;Haute-Marne;128214;84666;81648;DIV;355;07-07-2024;0,43
52;Haute-Marne;128214;84666;81648;ENS;12529;07-07-2024;15,35
52;Haute-Marne;128214;84666;81648;DVD;10407;2024-07-07;12,75
52;Haute-Marne;128214;84666;81648;RN;42824;07-07-2024;52,45
53;Mayenne;226581;154947;150682;EXG;1349;07-07-2024;0,90
53;Mayenne;226581;154947;150682;UG;43794;07-07-2024;29,06
53;Mayenne;226581;154947;150682;DIV;209;07/07/2024;0,14
53;Mayenne;226581;154947;150682;HOR;23294;7 juillet 2024;15,46
53;Mayenne;226581;154947;150682;ENS;18746;7 juillet 2024;12,44
53;Mayenne;226581;154947;150682;UDI;9957;2024-07-07;6,61
53;Mayenne;226581;154947;150682;DVD;7344;7 juillet 2024;4,87
53;Mayenne;226581;154947;150682;RN;45989;07/07/2024;30,52
54;Meurthe-et-Moselle;494237;322583;314644;EXG;4502;7 juillet 2024;1,43
54;Meurthe-et-Moselle;494237;322583;314644;UG;101624;07/07/2024;32,30
54;Meurthe-et-Moselle;494237;322583;314644;ECO;1133;7 juillet 2024;0,36
54;Meurthe-et-Moselle;494237;322583;314644;DIV;244;07-07-2024;0,08
54;Meurthe-et-Moselle;494237;322583;314644;ENS;44905;07/07/2024;14,27
54;Meurthe-et-Moselle;494237;322583;314644;LR;;2024-07-07;13,46
54;Meurthe-et-Moselle;494237;322583;314644;DSV;1328;2024-07-07;0,42
54;Meurthe-et-Moselle;494237;322583;314644;RN;96527;2024-07-07;30,68
54;Meurthe-et-Moselle;494237;322583;314644;REC;1141;07-07-2024;0,36
54;Meurthe-et-Moselle;494237;322583;314644;EXD;20894;07/07/2024;6,64
55;Meuse;134192;89545;86935;EXG;912;07-07-2024;1,05
55;Meuse;134192;89545;86935;UG;12457;07-07-2024;14,33
55;Meuse;134192;89545;86935;ECO;742;07-07-2024;0,85
55;Meuse;134192;89545;86935;DVD;29425;07-07-2024;33,85
55;Meuse;134192;89545;86935;DSV;708;07-07-2024;0,81
55;Meuse;134192;89545;86935;RN;42691;7 juillet 2024;49,11
56;Morbihan;615731;447778;437442;EXG;4814;7 juillet 2024;1,10
56;Morbihan;615731;447778;437442;DVG;N/A;2024-07-07;0,43
56;Morbihan;615731;447778;437442;UG;106270;2024-07-07;24,29
56;Morbihan;615731;447778;437442;ECO;1545;2024-07-07;0,35
56;Morbihan;615731;447778;437442;REG;32689;07-07-2024;7,47
56;Morbihan;615731;447778;437442;DIV;182;07/07/2024;0,04
56;Morbihan;615731;447778;437442;ENS;133759;07-07-2024;30,58
56;Morbihan;615731;447778;437442;DVD;19325;7 juillet 2024;4,42
56;Morbihan;615731;447778;437442;DSV;2474;07/07/2024;0,57
56;Morbihan;615731;447778;437442;RN;134486;7 juillet 2024;30,74
57;Moselle;747360;467341;454531;EXG;6744;2024-07-07;1,48
57;Moselle;747360;467341;454531;DVG;466;7 juillet 2024;0,10
57;Moselle;747360;467341;454531;UG;99965;2024-07-07;21,99
57;Moselle;747360;467341;454531;REG;1886;2024-07-07;0,41
57;Moselle;747360;467341;454531;DIV;3790;07-07-2024;0,83
57;Moselle;747360;467341;454531;ENS;74716;07-07-2024;16,44
57;Moselle;747360;467341;454531;UDI;16631;7 juillet 2024;3,66
57;Moselle;747360;467341;454531;LR;44746;07/07/2024;9,84
57;Moselle;747360;467341;454531;DVD;5751;07-07-2024;1,27
57;Moselle;747360;467341;454531;DSV;1579;7 juillet 2024;0,35
57;Moselle;747360;467341;454531; RN ;196163;7 juillet 2024;43,16
57;Moselle;747360;467341;454531;REC;2094;07/07/2024;0,46
58;Nièvre;152615;102143;98621;EXG;1648;2024-07-07;1,67
58;Nièvre;152615;102143;98621;DVG;9;07-07-2024;0,01
58;Nièvre;152615;102143;98621;UG;23644;2024-07-07;23,97
58;Nièvre;152615;102143;98621;ENS;24301;7 juillet 2024;24,64
58;Nièvre;152615;102143;98621;LR;;07-07-2024;5,31
58;Nièvre;152615;102143;98621;DSV;1429;07-07-2024;1,45
58;Nièvre;152615;102143;98621;RN;42351;07/07/2024;42,94
59;Nord;1819768;1167267;1137941;EXG;17972;2024-07-07;1,58
59;Nord;1819768;1167267;1137941;DVG;28349;07-07-2024;2,49
59;Nord;1819768;1167267;1137941;UG;295683;07-07-2024;25,98
59;Nord;1819768;1167267;1137941;REG;58;7 juillet 2024;0,01
59;Nord;1819768;1167267;1137941;DIV;18225;7 juillet 2024;1,60
59;Nord;1819768;1167267;1137941;HOR;17168;7 juillet 2024;1,51
59;Nord;1819768;1167267;1137941;ENS;146721;07/07/2024;12,89
59;Nord;1819768;1167267;1137941;DVC;5766;2024-07-07;0,51
59;Nord;1819768;1167267;1137941;UDI;17367;2024-07-07;1,53
59;Nord;1819768;1167267;1137941;LR;24303;07/07/2024;2,14
59;Nord;1819768;1167267;1137941;dvd;108354;07/07/2024;9,52
59;Nord;1819768;1167267;1137941;DSV;2044;07-07-2024;0,18
59;Nord;1819768;1167267;1137941;RN;397462;2024-07-07;34,93
59;Nord;1819768;1167267;1137941;REC;4494;2024-07-07;0,39
59;Nord;1819768;1167267;1137941;UXD;53975;2024-07-07;4,74
60;Oise;567860;373249;364208;EXG;3688;07/07/2024;1,01
60;Oise;567860;373249;364208;UG;78746;7 juillet 2024;21,62
60;Oise;567860;373249;364208;ECO;3315;07-07-2024;0,91
60;Oise;567860;373249;364208;DIV;573;2024-07-07;0,16
60;Oise;567860;373249;364208;ENS;42502;7 juillet 2024;11,67
60;Oise;567860;373249;364208;DVC;2885;7 juillet 2024;0,79
60;Oise;567860;373249;364208;UDI;13138;7 juillet 2024;3,61
60;Oise;567860;373249;364208;LR;48276;7 juillet 2024;13,26
60;Oise;567860;373249;364208;DVD;2766;07-07-2024;0,76
60;Oise;567860;373249;364208;DSV;1067;2024-07-07;0,29
60;Oise;567860;373249;364208;RN;N/A;07-07-2024;44,83
60;Oise;567860;373249;364208;REC;3987;2024-07-07;1,09
61;Orne;203373;139454;136006;EXG;1803;07-07-2024;1,33
61;Orne;203373;139454;136006;UG;29588;07-07-2024;21,75
61;Orne;203373;139454;136006;DIV;49;07/07/2024;0,04
61;Orne;203373;139454;136006;ENS;12718;07/07/2024;9,35
61;Orne;203373;139454;136006;DVC;5405;07/07/2024;3,97
61;Orne;203373;139454;136006;DVD;35375;07-07-2024;26,01
61;Orne;203373;139454;136006;DSV;1026;7 juillet 2024;0,75
61;Orne;203373;139454;136006;RN;;2024-07-07;35,77
61;Orne;203373;139454;136006;REC;1393;2024-07-07;1,02
62;Pas-de-Calais;1100255;712879;693578;EXG;9614;07/07/2024;1,39
62;Pas-de-Calais;1100255;712879;693578;DVG;7054;07/07/2024;1,02
62;Pas-de-Calais;;712879;693578;UG;142004;2024-07-07;20,47
62;Pas-de-Calais;1100255;712879;693578;ECO;946;2024-07-07;0,14
62;Pas-de-Calais;1100255;712879;693578;DIV;1325;07/07/2024;0,19
62;Pas-de-Calais;1100255;712879;693578;ENS;102898;2024-07-07;14,84
62;Pas-de-Calais;1100255;712879;693578;DVC;19416;07/07/2024;2,80
62;Pas-de-Calais;1100255;712879;693578;UDI;8571;07/07/2024;1,24
62;Pas-de-Calais;1100255;712879;693578;LR;51145;7 juillet 2024;7,37
62;Pas-de-Calais;1100255;712879;693578;DVD;0;07/07/2024;0,00
62;Pas-de-Calais;1100255;712879;693578;RN;346995;07/07/2024;50,03
62;Pas-de-Calais;1100255;712879;693578;REC;3610;2024-07-07;0,52
63;Puy-de-Dôme;471298;334906;325527;EXG;4381;07-07-2024;1,35
63;Puy-de-Dôme;471298;334906;325527;DVG;64;2024-07-07;0,02
63;Puy-de-Dôme;471298;334906;325527;UG;110392;07-07-2024;33,91
63;Puy-de-Dôme;471298;334906;325527;ENS;68624;2024-07-07;21,08
63;Puy-de-Dôme;471298;334906;325527; LR ;37370;07/07/2024;11,48
63;Puy-de-Dôme;471298;334906;325527;DVD;277;7 juillet 2024;0,09
63;Puy-de-Dôme;471298;334906;325527;RN;102632;7 juillet 2024;31,53
63;Puy-de-Dôme;471298;334906;325527;REC;1787;07-07-2024;0,55
64;Pyrénées-Atlantiques;526593;378666;369625;EXG;3051;7 juillet 2024;0,83
64;Pyrénées-Atlantiques;526593;378666;369625;DVG;31896;07/07/2024;8,63
64;Pyrénées-Atlantiques;526593;378666;369625;UG;98904;07/07/2024;26,76
64;Pyrénées-Atlantiques;526593;378666;369625;ECO;5433;07-07-2024;1,47
64;Pyrénées-Atlantiques;526593;378666;369625;REG;7962;7 juillet 2024;2,15
64;Pyrénées-Atlantiques;526593;378666;369625;DIV;1172;7 juillet 2024;0,32
64;Pyrénées-Atlantiques;526593;378666;369625;ENS;69384;07-07-2024;18,77
64;Pyrénées-Atlantiques;526593;378666;369625;DVC;248;2024-07-07;0,07
64;Pyrénées-Atlantiques;526593;378666;369625;LR;36676;07-07-2024;9,92
64;Pyrénées-Atlantiques;526593;378666;369625;DVD;10434;2024-07-07;2,82
64;Pyrénées-Atlantiques;526593;378666;369625;RN;85184;07/07/2024;23,05
64;Pyrénées-Atlantiques;526593;378666;369625;REC;671;7 juillet 2024;0,18
64;Pyrénées-Atlantiques;526593;378666;369625;UXD;18610;07/07/2024;5,03
65;Hautes-Pyrénées;175824;124287;120183;EXG;1225;2024-07-07;1,02
65;Hautes-Pyrénées;175824;124287;120183;UG;34619;2024-07-07;28,81
65;Hautes-Pyrénées;175824;124287;120183;REG;;7 juillet 2024;1,24
65;Hautes-Pyrénées;175824;124287;120183;DIV;17402;2024-07-07;14,48
65;Hautes-Pyrénées;175824;124287;120183;ENS;15121;07-07-2024;12,58
65;Hautes-Pyrénées;175824;124287;120183;LR;6231;2024-07-07;5,18
65;Hautes-Pyrénées;175824;124287;120183;RN;42708;7 juillet 2024;35,54
65;Hautes-Pyrénées;175824;124287;120183;REC;1391;2024-07-07;1,16
66;Pyrénées-Orientales;368607;250076;242415;EXG;2179;2024-07-07;0,90
66;Pyrénées-Orientales;368607;250076;242415;UG;N/A;07-07-2024;24,61
66;Pyrénées-Orientales;368607;250076;242415;REG;5844;07/07/2024;2,41
66;Pyrénées-Orientales;368607;250076;242415;ENS;30541;2024-07-07;12,60
66;Pyrénées-Orientales;368607;250076;242415;dvc;16585;2024-07-07;6,84
66;Pyrénées-Orientales;368607;250076;242415;LR;5275;07/07/2024;2,18
66;Pyrénées-Orientales;368607;250076;242415;RN;118478;7 juillet 2024;48,87
66;Pyrénées-Orientales;368607;250076;242415;REC;3853;07/07/2024;1,59
67;Bas-Rhin;788379;530252;520746;EXG;3169;2024-07-07;0,61
67;Bas-Rhin;788379;530252;520746;DVG;1723;07-07-2024;0,33
67;Bas-Rhin;788379;530252;520746;UG;117959;7 juillet 2024;22,65
67;Bas-Rhin;788379;530252;520746;ECO;4221;07-07-2024;0,81
67;Bas-Rhin;788379;530252;520746;REG;12864;2024-07-07;2,47
67;Bas-Rhin;788379;530252;520746;DIV;783;07/07/2024;0,15
67;Bas-Rhin;788379;530252;520746;ENS;135110;07/07/2024;25,95
67;Bas-Rhin;788379;530252;520746;LR;42012;7 juillet 2024;8,07
67;Bas-Rhin;788379;530252;520746;DVD;19450;2024-07-07;3,74
67;Bas-Rhin;788379;530252;520746;DSV;1977;7 juillet 2024;0,38
67;Bas-Rhin;788379;530252;520746;RN;177435;07-07-2024;34,07
67;Bas-Rhin;788379;530252;520746;REC;4043;2024-07-07;0,78
68;Haut-Rhin;533009;347873;339803;EXG;2227;07/07/2024;0,66
68;Haut-Rhin;533009;347873;339803;DVG;471;2024-07-07;0,14
68;Haut-Rhin;533009;347873;339803;UG;61115;07/07/2024;17,99
68;Haut-Rhin;533009;347873;339803;ECO;5477;2024-07-07;1,61
68;Haut-Rhin;533009;347873;339803;REG;10169;07-07-2024;2,99
68;Haut-Rhin;533009;347873;339803;DIV;1641;7 juillet 2024;0,48
68;Haut-Rhin;533009;347873;339803;ENS;84119;07-07-2024;24,76
68;Haut-Rhin;533009;347873;339803;LR;27713;2024-07-07;8,16
68;Haut-Rhin;533009;347873;339803;DVD;12618;7 juillet 2024;3,71
68;Haut-Rhin;533009;347873;339803;DSV;2515;07/07/2024;0,74
68;Haut-Rhin;533009;347873;339803;RN;128308;07/07/2024;37,76
68;Haut-Rhin;533009;347873;339803;REC;;07-07-2024;1,01
69;Rhône;1201783;861069;847456;EXG;7196;07-07-2024;0,85
69;Rhône;1201783;861069;847456;DVG;12427;7 juillet 2024;1,47
69;Rhône;1201783;861069;847456;UG;288809;07-07-2024;34,08
69;Rhône;1201783;861069;847456;ECO;5043;07-07-2024;0,60
69;Rhône;1201783;861069;847456; REG ;613;07/07/2024;0,07
69;Rhône;1201783;861069;847456;DIV;1392;07/07/2024;0,16
69;Rhône;1201783;861069;847456;ENS;201295;2024-07-07;23,75
69;Rhône;1201783;861069;847456;UDI;501;7 juillet 2024;0,06
69;Rhône;1201783;861069;847456;LR;99638;7 juillet 2024;11,76
69;Rhône;1201783;861069;847456;DVD;1401;2024-07-07;0,17
69;Rhône;1201783;861069;847456;RN;172439;07/07/2024;20,35
69;Rhône;1201783;861069;847456;REC;6865;7 juillet 2024;0,81
69;Rhône;1201783;861069;847456;UXD;49837;07-07-2024;5,88
70;Haute-Saône;177733;125292;120835;EXG;1834;2024-07-07;1,52
70;Haute-Saône;177733;125292;120835;UG;23994;07/07/2024;19,86
70;Haute-Saône;177733;125292;120835;DIV;906;07-07-2024;0,75
70;Haute-Saône;177733;125292;120835;ENS;26447;2024-07-07;21,89
70;Haute-Saône;177733;125292;120835;LR;6600;07-07-2024;5,46
70;Haute-Saône;177733;125292;120835;RN;59774;7 juillet 2024;49,47
70;Haute-Saône;177733;125292;120835;REC;1280;2024-07-07;1,06
71;Saône-et-Loire;401350;276452;268281;EXG;3839;07/07/2024;1,43
71;Saône-et-Loire;401350;276452;268281;UG;63049;07-07-2024;23,50
71;Saône-et-Loire;401350;276452;268281;DIV;N/A;2024-07-07;0,07
71;Saône-et-Loire;401350;276452;268281;ENS;45945;7 juillet 2024;17,13
71;Saône-et-Loire;401350;276452;268281;LR;32101;07/07/2024;11,97
71;Saône-et-Loire;401350;276452;268281;DVD;16255;2024-07-07;6,06
71;Saône-et-Loire;401350;276452;268281;DSV;2347;2024-07-07;0,87
71;Saône-et-Loire;401350;276452;268281;RN;80277;7 juillet 2024;29,92
71;Saône-et-Loire;401350;276452;268281;UXD;24275;2024-07-07;9,05
72;Sarthe;412827;275024;266009;EXG;3866;7 juillet 2024;1,45
72;Sarthe;412827;275024;266009;UG;72138;07/07/2024;27,12
72;Sarthe;412827;275024;266009;REG;217;07-07-2024;0,08
72;Sarthe;412827;275024;266009;REG;217;07-07-2024;0,08
72;Sarthe;412827;275024;266009;DIV;91;7 juillet 2024;0,03
72;Sarthe;412827;275024;266009;ENS;62783;07-07-2024;23,60
72;Sarthe;412827;275024;266009;UDI;11962;07-07-2024;4,50
72;Sarthe;412827;275024;266009;LR;9594;7 juillet 2024;3,61
72;Sarthe;412827;275024;266009;DVD;;07/07/2024;0,58
72;Sarthe;412827;275024;266009;DSV;1843;07/07/2024;0,69
72;Sarthe;412827;275024;266009;RN;82556;7 juillet 2024;31,04
72;Sarthe;412827;275024;266009;REC;1131;07/07/2024;0,43
72;Sarthe;412827;275024;266009;UXD;18282;07-07-2024;6,87
73;Savoie;323937;230378;224776;EXG;2149;07/07/2024;0,96
73;Savoie;323937;230378;224776;UG;58497;2024-07-07;26,02
73;Savoie;323937;230378;224776;eco;2292;2024-07-07;1,02
73;Savoie;323937;230378;224776;REG;1244;2024-07-07;0,55
73;Savoie;323937;230378;224776;DIV;1194;07-07-2024;0,53
73;Savoie;323937;230378;224776;ENS;38738;2024-07-07;17,23
73;Savoie;323937;230378;224776;UDI;2;07/07/2024;0,00
73;Savoie;323937;230378;224776;LR;40198;07/07/2024;17,88
73;Savoie;323937;230378;224776;DSV;1716;07/07/2024;0,76
73;Savoie;323937;230378;224776;RN;53483;07/07/2024;23,79
73;Savoie;323937;230378;224776;REC;1271;07/07/2024;0,57
73;Savoie;323937;230378;224776;UXD;23992;07-07-2024;10,67
74;Haute-Savoie;579112;398237;389432;EXG;3350;07/07/2024;0,86
74;Haute-Savoie;579112;398237;389432;UG;95180;7 juillet 2024;24,44
74;Haute-Savoie;579112;398237;389432;REG;6559;7 juillet 2024;1,68
74;Haute-Savoie;579112;398237;389432;DIV;181;07-07-2024;0,05
74;Haute-Savoie;579112;398237;389432;ENS;91791;07/07/2024;23,57
74;Haute-Savoie;579112;398237;389432;DVC;2265;07/07/2024;0,58
74;Haute-Savoie;579112;398237;389432;LR;35923;07/07/2024;9,22
74;Haute-Savoie;579112;398237;389432;DVD;24526;2024-07-07;6,30
74;Haute-Savoie;579112;398237;389432;RN;61242;07-07-2024;15,73
74;Haute-Savoie;579112;398237;389432;REC;2772;07/07/2024;0,71
74;Haute-Savoie;579112;398237;389432;UXD;65643;07/07/2024;16,86
75;Paris;1365376;1000217;987709;EXG;5576;07/07/2024;0,56
75;Paris;1365376;1000217;987709; DVG ;25475;7 juillet 2024;2,58
75;Paris;1365376;1000217;987709;UG;418994;07/07/2024;42,42
75;Paris;1365376;1000217;987709;ECO;9572;07/07/2024;0,97
75;Paris;1365376;1000217;987709;REG;410;07/07/2024;0,04
75;Paris;1365376;1000217;987709;DIV;1289;07-07-2024;0,13
75;Paris;1365376;1000217;987709;ENS;303396;7 juillet 2024;30,72
75;Paris;1365376;1000217;987709;DVC;24328;07/07/2024;2,46
75;Paris;1365376;1000217;987709;LR;50570;07/07/2024;5,12
75;Paris;1365376;1000217;987709;DVD;;07-07-2024;2,99
75;Paris;1365376;1000217;987709;DSV;9;07/07/2024;0,00
75;Paris;1365376;1000217;987709;RN;N/A;07-07-2024;8,06
75;Paris;1365376;1000217;987709;REC;12840;07-07-2024;1,30
75;Paris;1365376;1000217;987709;UXD;26040;07-07-2024;2,64
75;Paris;;1000217;987709;EXD;140;07/07/2024;0,01
76;Seine-Maritime;879749;595293;579947;EXG;8552;07-07-2024;1,47
76;Seine-Maritime;879749;595293;579947;DVG;1404;07-07-2024;0,24
76;Seine-Maritime;879749;595293;579947;UG;178687;2024-07-07;30,81
76;Seine-Maritime;879749;595293;579947;DIV;3;2024-07-07;0,00
76;Seine-Maritime;879749;595293;579947;HOR;101052;07-07-2024;17,42
76;Seine-Maritime;879749;595293;579947;ENS;31452;2024-07-07;5,42
76;Seine-Maritime;879749;595293;579947;DVC;514;07-07-2024;0,09
76;Seine-Maritime;879749;595293;579947;LR;23079;2024-07-07;3,98
76;Seine-Maritime;879749;595293;579947;DVD;11452;2024-07-07;1,97
76;Seine-Maritime;879749;595293;579947;DSV;3064;2024-07-07;0,53
76;Seine-Maritime;879749;595293;579947;RN;214320;07/07/2024;36,96
76;Seine-Maritime;879749;595293;579947;REC;6368;7 juillet 2024;1,10
77;Seine-et-Marne;915603;596367;580561;EXG;9073;7 juillet 2024;1,56
77;Seine-et-Marne;915603;596367;580561;DVG;234;07-07-2024;0,04
77;Seine-et-Marne;915603;596367;580561;UG;185194;07/07/2024;31,90
77;Seine-et-Marne;915603;596367;580561;ECO;2102;07-07-2024;0,36
77;Seine-et-Marne;915603;596367;580561;REG;2691;7 juillet 2024;0,46
77;Seine-et-Marne;915603;596367;580561;DIV;440;07/07/2024;0,08
77;Seine-et-Marne;915603;596367;580561;ENS;99611;07-07-2024;17,16
77;Seine-et-Marne;915603;596367;580561;DVC;5217;07/07/2024;0,90
77;Seine-et-Marne;915603;596367;580561;UDI;8507;07/07/2024;1,47
77;Seine-et-Marne;915603;596367;580561;LR;37696;7 juillet 2024;6,49
77;Seine-et-Marne;915603;596367;580561;DVD;29773;7 juillet 2024;5,13
77;Seine-et-Marne;915603;596367;580561;DSV;824;2024-07-07;0,14
77;Seine-et-Marne;915603;596367;580561;RN;155401;7 juillet 2024;26,77
77;Seine-et-Marne;915603;596367;580561;REC;5436;2024-07-07;0,94
77;Seine-et-Marne;915603;596367;580561;UXD;38362;07-07-2024;6,61
78;Yvelines;975961;688484;675362;EXG;6042;07/07/2024;0,89
78;Yvelines;975961;688484;675362;RDG;2260;2024-07-07;0,33
78;Yvelines;975961;688484;675362;DVG;453;7 juillet 2024;0,07
78;Yvelines;975961;688484;675362;UG;199549;2024-07-07;29,55
78;Yvelines;975961;688484;675362;ECO;;07-07-2024;0,93
78;Yvelines;975961;688484;675362;DIV;3555;7 juillet 2024;0,53
78;Yvelines;975961;688484;675362;ENS;209177;2024-07-07;30,97
78;Yvelines;975961;688484;675362;DVC;1372;07-07-2024;0,20
78;Yvelines;975961;688484;675362;udi;16344;2024-07-07;2,42
78;Yvelines;975961;688484;675362;LR;48671;2024-07-07;7,21
78;Yvelines;975961;688484;675362;DVD;17888;07-07-2024;2,65
78;Yvelines;975961;688484;675362;DSV;699;07/07/2024;0,10
78;Yvelines;975961;688484;675362;RN;113730;07/07/2024;16,84
78;Yvelines;975961;688484;675362;REC;10043;07/07/2024;1,49
78;Yvelines;975961;688484;675362;UXD;39311;07-07-2024;5,82
79;Deux-Sèvres;275116;190926;184265;EXG;1970;07/07/2024;1,07
79;Deux-Sèvres;275116;190926;184265;DVG;0;07/07/2024;0,00
79;Deux-Sèvres;275116;190926;184265;UG;31104;07-07-2024;16,88
79;Deux-Sèvres;275116;190926;184265;ECO;25435;2024-07-07;13,80
79;Deux-Sèvres;275116;190926;184265;ENS;27846;2024-07-07;15,11
79;Deux-Sèvres;275116;190926;184265; DVC ;25247;7 juillet 2024;13,70
79;Deux-Sèvres;275116;190926;184265;LR;13598;07-07-2024;7,38
79;Deux-Sèvres;275116;190926;184265;RN;N/A;07-07-2024;20,59
79;Deux-Sèvres;275116;190926;184265;REC;1533;07-07-2024;0,83
79;Deux-Sèvres;275116;190926;184265;UXD;19585;7 juillet 2024;10,63
80;Somme;408739;277146;269771;EXG;3593;07/07/2024;1,33
80;Somme;408739;277146;269771;UG;58118;07-07-2024;21,54
80;Somme;408739;277146;269771;ENS;49247;07/07/2024;18,26
80;Somme;408739;277146;269771;DVC;5490;2024-07-07;2,04
80;Somme;408739;277146;269771;LR;30938;07-07-2024;11,47
80;Somme;408739;277146;269771;DSV;261;7 juillet 2024;0,10
80;Somme;408739;277146;269771;RN;120672;07/07/2024;44,73
80;Somme;408739;277146;269771;REC;1452;07-07-2024;0,54
81;Tarn;300434;215585;207786;EXG;1846;07-07-2024;0,89
81;Tarn;300434;215585;207786;DVG;178;2024-07-07;0,09
81;Tarn;300434;215585;207786;UG;59246;2024-07-07;28,51
81;Tarn;300434;215585;207786;REG;2023;07/07/2024;0,97
81;Tarn;300434;215585;207786;ENS;37371;07-07-2024;17,99
81;Tarn;300434;215585;207786;DVC;17352;7 juillet 2024;8,35
81;Tarn;300434;215585;207786;LR;4082;07/07/2024;1,96
81;Tarn;300434;215585;207786;DSV;95;7 juillet 2024;0,05
81;Tarn;300434;215585;207786;RN;;7 juillet 2024;25,07
81;Tarn;300434;215585;207786;REC;1758;07-07-2024;0,85
81;Tarn;300434;215585;207786;UXD;31748;7 juillet 2024;15,28
82;Tarn-et-Garonne;190618;134726;129472;EXG;1969;07-07-2024;1,52
82;Tarn-et-Garonne;190618;134726;129472;RDG;9952;07/07/2024;7,69
82;Tarn-et-Garonne;190618;134726;129472;UG;35557;7 juillet 2024;27,46
82;Tarn-et-Garonne;190618;134726;129472;REG;310;07-07-2024;0,24
82;Tarn-et-Garonne;190618;134726;129472;DIV;769;07/07/2024;0,59
82;Tarn-et-Garonne;190618;134726;129472;ENS;20126;7 juillet 2024;15,54
82;Tarn-et-Garonne;190618;134726;129472;DVC;439;07-07-2024;0,34
82;Tarn-et-Garonne;190618;134726;129472;RN;32578;07-07-2024;25,16
82;Tarn-et-Garonne;190618;134726;129472;UXD;27772;07/07/2024;21,45
83;Var;826248;552961;539876;EXG;4403;7 juillet 2024;0,82
83;Var;826248;552961;539876;UG;93769;07-07-2024;17,37
83;Var;826248;552961;539876;ECO;11272;7 juillet 2024;2,09
83;Var;826248;552961;539876;REG;2499;07-07-2024;0,46
83;Var;826248;552961;539876;DIV;405;07/07/2024;0,08
83;Var;826248;552961;539876;ENS;99207;07/07/2024;18,38
83;Var;826248;552961;539876;DVC;1870;07/07/2024;0,35
83;Var;826248;552961;539876;UDI;15451;07-07-2024;2,86
83;Var;826248;552961;539876;LR;28716;7 juillet 2024;5,32
83;Var;826248;552961;539876;DSV;71;07-07-2024;0,01
83;Var;826248;552961;539876;RN;274317;2024-07-07;50,81
83;Var;826248;552961;539876;REC;7896;07/07/2024;1,46
84;Vaucluse;415418;280711;272652;EXG;2178;07/07/2024;0,80
84;Vaucluse;415418;280711;272652;DVG;8229;07/07/2024;3,02
84;Vaucluse;415418;280711;272652;UG;63687;07/07/2024;23,36
84;Vaucluse;415418;280711;272652;REG;1120;07/07/2024;0,41
84;Vaucluse;415418;280711;272652;DIV;84;7 juillet 2024;0,03
84;Vaucluse;415418;280711;272652;ENS;49374;7 juillet 2024;18,11
84;Vaucluse;415418;280711;272652;UDI;1893;2024-07-07;0,69
84;Vaucluse;415418;280711;272652;LR;14948;07/07/2024;5,48
84;Vaucluse;415418;280711;272652;RN;126025;07/07/2024;46,22
84;Vaucluse;415418;280711;272652;REC;5114;07/07/2024;1,88
85;Vendée;560413;393095;381254;EXG;N/A;07/07/2024;1,09
85;Vendée;560413;393095;381254;UG;77114;07/07/2024;20,23
85;Vendée;560413;393095;381254;ENS;119085;07/07/2024;31,24
85;Vendée;560413;393095;381254;DVC;;7 juillet 2024;2,78
85;Vendée;560413;393095;381254;lr;2633;07/07/2024;0,69
85;Vendée;560413;393095;381254;DVD;36307;07/07/2024;9,52
85;Vendée;560413;393095;381254; DSV ;3606;2024-07-07;0,95
85;Vendée;560413;393095;381254;RN;66192;7 juillet 2024;17,36
85;Vendée;560413;393095;381254;UXD;59650;7 juillet 2024;15,65
85;Vendée;560413;393095;381254;EXD;1895;07/07/2024;0,50
86;Vienne;307358;214025;207457;EXG;2391;07-07-2024;1,15
86;Vienne;307358;214025;207457;DVG;10122;07-07-2024;4,88
86;Vienne;307358;214025;207457;UG;57407;07/07/2024;27,67
86;Vienne;307358;214025;207457;ECO;417;07-07-2024;0,20
86;Vienne;307358;214025;207457;HOR;15875;07-07-2024;7,65
86;Vienne;307358;214025;207457;ENS;48635;7 juillet 2024;23,44
86;Vienne;307358;214025;207457;DVC;1263;7 juillet 2024;0,61
86;Vienne;307358;214025;207457;DVD;1658;2024-07-07;0,80
86;Vienne;307358;214025;207457;DSV;752;07-07-2024;0,36
86;Vienne;307358;214025;207457;RN;68937;07-07-2024;33,23
87;Haute-Vienne;263679;190699;182287;EXG;2890;07/07/2024;1,59
87;Haute-Vienne;263679;190699;182287;UG;66285;07-07-2024;36,36
87;Haute-Vienne;263679;190699;182287;ENS;32481;07/07/2024;17,82
87;Haute-Vienne;263679;190699;182287;DVC;14768;07/07/2024;8,10
87;Haute-Vienne;263679;190699;182287;DSV;2110;07-07-2024;1,16
87;Haute-Vienne;263679;190699;182287;RN;63753;07/07/2024;34,97
88;Vosges;275351;187158;182281;EXG;2408;07-07-2024;1,32
88;Vosges;275351;187158;182281;UG;30101;07/07/2024;16,51
88;Vosges;275351;187158;182281;ECO;10;2024-07-07;0,01
88;Vosges;275351;187158;182281;ENS;14592;2024-07-07;8,01
88;Vosges;275351;187158;182281;DVC;1444;2024-07-07;0,79
88;Vosges;275351;187158;182281;LR;14846;2024-07-07;8,14
88;Vosges;275351;187158;182281;DVD;41852;2024-07-07;22,96
88;Vosges;275351;187158;182281;RN;76490;07/07/2024;41,96
88;Vosges;275351;187158;182281;REC;538;7 juillet 2024;0,30
89;Yonne;236949;159338;154848;EXG;2153;07/07/2024;1,39
89;Yonne;236949;159338;154848;UG;36578;2024-07-07;23,62
89;Yonne;236949;159338;154848;ECO;1019;07-07-2024;0,66
89;Yonne;236949;159338;154848;ENS;32681;07/07/2024;21,11
89;Yonne;236949;159338;154848;LR;7303;07/07/2024;4,72
89;Yonne;236949;159338;154848;DVD;;07-07-2024;1,47
89;Yonne;236949;159338;154848;DSV;895;07/07/2024;0,58
89;Yonne;236949;159338;154848;RN;49221;07-07-2024;31,79
89;Yonne;236949;159338;154848;REC;1730;07/07/2024;1,12
89;Yonne;236949;159338;154848;UXD;20997;7 juillet 2024;13,56
90;Territoire de Belfort;93986;65031;63414;EXG;923;7 juillet 2024;1,46
90;Territoire de Belfort;;65031;63414;UG;16032;07-07-2024;25,28
90;Territoire de Belfort;93986;65031;63414;REG;0;7 juillet 2024;0,00
90;Territoire de Belfort;93986;65031;63414;ENS;8402;7 juillet 2024;13,25
90;Territoire de Belfort;93986;65031;63414;LR;13101;2024-07-07;20,66
90;Territoire de Belfort;93986;65031;63414;DSV;350;07-07-2024;0,55
90;Territoire de Belfort;93986;65031;63414;RN;24606;07-07-2024;38,80
91;Essonne;806813;542633;529623;EXG;4762;2024-07-07;0,90
91;Essonne;806813;542633;529623;DVG;N/A;07/07/2024;2,74
91;Essonne;806813;542633;529623;UG;187115;2024-07-07;35,33
91;Essonne;806813;542633;529623;ECO;8900;7 juillet 2024;1,68
91;Essonne;806813;542633;529623;DIV;18073;7 juillet 2024;3,41
91;Essonne;806813;542633;529623;ENS;108194;7 juillet 2024;20,43
91;Essonne;806813;542633;529623;DVC;218;07-07-2024;0,04
91;Essonne;806813;542633;529623;LR;10326;07-07-2024;1,95
91;Essonne;806813;542633;529623;DVD;21348;7 juillet 2024;4,03
91;Essonne;806813;542633;529623;DSV;16288;2024-07-07;3,08
91;Essonne;806813;542633;529623;RN;112413;2024-07-07;21,23
91;Essonne;806813;542633;529623;REC;6338;07/07/2024;1,20
91;Essonne;806813;542633;529623;UXD;21144;07-07-2024;3,99
92;Hauts-de-Seine;1012587;734241;720852;EXG;5259;07/07/2024;0,73
92;Hauts-de-Seine;1012587;734241;720852;DVG;2523;7 juillet 2024;0,35
92;Hauts-de-Seine;1012587;734241;720852; UG ;259685;07-07-2024;36,02
92;Hauts-de-Seine;1012587;734241;720852;ECO;5628;07/07/2024;0,78
92;Hauts-de-Seine;1012587;734241;720852;DIV;700;07/07/2024;0,10
92;Hauts-de-Seine;1012587;734241;720852;ENS;203502;7 juillet 2024;28,23
92;Hauts-de-Seine;1012587;734241;720852;DVC;4672;07-07-2024;0,65
92;Hauts-de-Seine;1012587;734241;720852;UDI;1487;07/07/2024;0,21
92;Hauts-de-Seine;1012587;734241;720852;LR;118215;07-07-2024;16,40
92;Hauts-de-Seine;1012587;734241;720852;DVD;92;07-07-2024;0,01
92;Hauts-de-Seine;1012587;734241;720852;rn;76767;7 juillet 2024;10,65
92;Hauts-de-Seine;1012587;734241;720852;REC;10392;2024-07-07;1,44
92;Hauts-de-Seine;1012587;734241;720852;UXD;;07/07/2024;4,43
93;Seine-Saint-Denis;819818;496990;485512;EXG;8600;7 juillet 2024;1,77
93;Seine-Saint-Denis;819818;496990;485512;FI;8462;07/07/2024;1,74
93;Seine-Saint-Denis;819818;496990;485512;DVG;30694;2024-07-07;6,32
93;Seine-Saint-Denis;819818;496990;485512;UG;253604;07-07-2024;52,23
93;Seine-Saint-Denis;819818;496990;485512;ECO;1212;07/07/2024;0,25
93;Seine-Saint-Denis;819818;496990;485512;DIV;1340;7 juillet 2024;0,28
93;Seine-Saint-Denis;819818;496990;485512;ENS;35389;7 juillet 2024;7,29
93;Seine-Saint-Denis;819818;496990;485512;DVC;11201;07-07-2024;2,31
93;Seine-Saint-Denis;819818;496990;485512;UDI;14020;07-07-2024;2,89
93;Seine-Saint-Denis;819818;496990;485512;LR;18692;2024-07-07;3,85
93;Seine-Saint-Denis;819818;496990;485512;DVD;19341;7 juillet 2024;3,98
93;Seine-Saint-Denis;819818;496990;485512;RN;81310;07-07-2024;16,75
93;Seine-Saint-Denis;819818;496990;485512;REC;1561;07-07-2024;0,32
93;Seine-Saint-Denis;819818;496990;485512;EXD;86;07-07-2024;0,02
94;Val-de-Marne;805640;547699;536283;EXG;6515;07-07-2024;1,21
94;Val-de-Marne;805640;547699;536283;DVG;293;7 juillet 2024;0,05
94;Val-de-Marne;805640;547699;536283;UG;234262;07/07/2024;43,68
94;Val-de-Marne;805640;547699;536283;ECO;4733;07-07-2024;0,88
94;Val-de-Marne;805640;547699;536283;DIV;204;2024-07-07;0,04
94;Val-de-Marne;805640;547699;536283;ENS;111264;7 juillet 2024;20,75
94;Val-de-Marne;805640;547699;536283;DVC;3188;2024-07-07;0,59
94;Val-de-Marne;805640;547699;536283;UDI;1167;2024-07-07;0,22
94;Val-de-Marne;805640;547699;536283;LR;43047;7 juillet 2024;8,03
94;Val-de-Marne;805640;547699;536283;DVD;22580;7 juillet 2024;4,21
94;Val-de-Marne;805640;547699;536283;DSV;939;2024-07-07;0,18
94;Val-de-Marne;805640;547699;536283;RN;88255;2024-07-07;16,46
94;Val-de-Marne;805640;547699;536283;REC;7168;2024-07-07;1,34
94;Val-de-Marne;805640;547699;536283;UXD;12491;07-07-2024;2,33
94;Val-de-Marne;805640;547699;536283;EXD;N/A;2024-07-07;0,03
95;Val-d'Oise;744653;482896;471441;EXG;5458;7 juillet 2024;1,16
95;Val-d'Oise;744653;482896;471441;DVG;0;7 juillet 2024;0,00
95;Val-d'Oise;744653;482896;471441;UG;186248;2024-07-07;39,51
95;Val-d'Oise;744653;482896;471441;ECO;3977;07/07/2024;0,84
95;Val-d'Oise;744653;482896;471441;REG;1049;07-07-2024;0,22
95;Val-d'Oise;744653;482896;471441;DIV;2966;2024-07-07;0,63
95;Val-d'Oise;744653;482896;471441;ENS;99038;07/07/2024;21,01
95;Val-d'Oise;744653;482896;471441;DVC;;7 juillet 2024;0,38
95;Val-d'Oise;744653;482896;471441;UDI;4812;2024-07-07;1,02
95;Val-d'Oise;744653;482896;471441;LR;34337;2024-07-07;7,28
95;Val-d'Oise;744653;482896;471441;DVD;1961;07-07-2024;0,42
95;Val-d'Oise;744653;482896;471441;DSV;1252;7 juillet 2024;0,27
95;Val-d'Oise;744653;482896;471441;RN;111114;7 juillet 2024;23,57
95;Val-d'Oise;744653;482896;471441;REC;4203;07/07/2024;0,89
95;Val-d'Oise;744653;482896;471441;UXD;13238;07-07-2024;2,81
971;Guadeloupe;318961;107028;101076;EXG;2277;07-07-2024;2,25
971;Guadeloupe;318961;107028;101076;SOC;19509;07-07-2024;19,30
971;Guadeloupe;318961;107028;101076;DVG;42618;07-07-2024;42,16
971;Guadeloupe;318961;107028;101076;UG;226;07/07/2024;0,22
971;Guadeloupe;318961;107028;101076;REG;4988;2024-07-07;4,93
971;Guadeloupe;318961;107028;101076;DIV;5399;2024-07-07;5,34
971;Guadeloupe;318961;107028;101076; DVC ;6062;07/07/2024;6,00
971;Guadeloupe;318961;107028;101076;LR;197;07-07-2024;0,19
971;Guadeloupe;318961;107028;101076;DVD;2291;7 juillet 2024;2,27
971;Guadeloupe;318961;107028;101076;RN;17020;2024-07-07;16,84
971;Guadeloupe;318961;107028;101076;REC;489;7 juillet 2024;0,48
972;Martinique;304683;95062;90186;EXG;1028;07/07/2024;1,14
972;Martinique;304683;95062;90186;SOC;4489;7 juillet 2024;4,98
972;Martinique;304683;95062;90186;DVG;12390;7 juillet 2024;13,74
972;Martinique;304683;95062;90186;ECO;2736;7 juillet 2024;3,03
972;Martinique;304683;95062;90186;REG;48544;2024-07-07;53,83
972;Martinique;304683;95062;90186;DIV;100;2024-07-07;0,11
972;Martinique;304683;95062;90186;UDI;2316;7 juillet 2024;2,57
972;Martinique;304683;95062;90186;DVD;9565;7 juillet 2024;10,61
972;Martinique;304683;95062;90186;RN;9018;2024-07-07;10,00
973;Guyane;108900;35462;34337;EXG;269;2024-07-07;0,78
973;Guyane;108900;35462;34337;DVG;858;07-07-2024;2,50
973;Guyane;108900;35462;34337;REG;23360;07/07/2024;68,03
973;Guyane;108900;35462;34337;DVC;4626;07/07/2024;13,47
973;Guyane;108900;35462;34337;dvd;3308;07/07/2024;9,63
973;Guyane;108900;35462;34337;RN;1916;07/07/2024;5,58
974;La Réunion;697145;317485;298834;EXG;4984;07/07/2024;1,67
974;La Réunion;697145;317485;298834;DVG;78035;7 juillet 2024;26,11
974;La Réunion;697145;317485;298834;UG;53105;7 juillet 2024;17,77
974;La Réunion;697145;317485;298834;ECO;;07-07-2024;0,71
974;La Réunion;697145;317485;298834;REG;0;07-07-2024;0,00
974;La Réunion;697145;317485;298834;DIV;8800;07/07/2024;2,94
974;La Réunion;697145;317485;298834;ENS;3667;7 juillet 2024;1,23
974;La Réunion;697145;317485;298834;DVC;15319;7 juillet 2024;5,13
974;La Réunion;697145;317485;298834;LR;5670;2024-07-07;1,90
974;La Réunion;697145;317485;298834;DVD;38659;07-07-2024;12,94
974;La Réunion;697145;317485;298834;DSV;1622;07-07-2024;0,54
974;La Réunion;697145;317485;298834;RN;N/A;07/07/2024;27,18
974;La Réunion;697145;317485;298834;REC;3544;2024-07-07;1,19
974;La Réunion;697145;317485;298834;EXD;2083;07/07/2024;0,70
975;Saint-Pierre-et-Miquelon;5069;2807;2748;FI;409;7 juillet 2024;14,88
975;Saint-Pierre-et-Miquelon;5069;2807;2748;SOC;464;7 juillet 2024;16,89
975;Saint-Pierre-et-Miquelon;5069;2807;2748;DVG;400;07/07/2024;14,56
975;Saint-Pierre-et-Miquelon;5069;2807;2748;DVD;1184;2024-07-07;43,09
975;Saint-Pierre-et-Miquelon;5069;2807;2748;RN;291;2024-07-07;10,59
976;Mayotte;98109;42248;39558;EXG;684;07/07/2024;1,73
976;Mayotte;98109;42248;39558;DVG;552;07/07/2024;1,40
976;Mayotte;98109;42248;39558;DIV;122;2024-07-07;0,31
976;Mayotte;98109;42248;39558;DVC;7030;07-07-2024;17,77
976;Mayotte;98109;42248;39558;LR;6226;07/07/2024;15,74
976;Mayotte;98109;42248;39558;DVD;16522;07-07-2024;41,77
976;Mayotte;98109;42248;39558;RN;7933;7 juillet 2024;20,05
976;Mayotte;98109;42248;39558;REC;489;07/07/2024;1,24
986;Wallis et Futuna;9031;6964;6877;ENS;4281;07/07/2024;62,25
986;Wallis et Futuna;9031;6964;6877;DVC;1028;7 juillet 2024;14,95
986;Wallis et Futuna;9031;6964;6877;DVD;1568;07/07/2024;22,80
987;Polynésie française;212049;91386;89951;ECO;3958;2024-07-07;4,40
987;Polynésie française;212049;91386;89951;REG;35888;7 juillet 2024;39,90
987;Polynésie française;212049;91386;89951;DVD;46697;7 juillet 2024;51,91
987;Polynésie française;212049;91386;89951;RN;3408;07/07/2024;3,79
988;Nouvelle-Calédonie;222114;133305;130788;DVG;11637;07/07/2024;8,90
988;Nouvelle-Calédonie;222114;133305;130788;ECO;235;07/07/2024;0,18
988;Nouvelle-Calédonie;222114;133305;130788;REG;56869;07/07/2024;43,48
988;Nouvelle-Calédonie;222114;133305;130788;DIV;63;07/07/2024;0,05
988;Nouvelle-Calédonie;222114;133305;130788;HOR;9737;7 juillet 2024;7,44
988;Nouvelle-Calédonie;222114;133305;130788;DVD;49527;07/07/2024;37,87
988;Nouvelle-Calédonie;222114;133305;130788;RN;;2024-07-07;1,96
988;Nouvelle-Calédonie;222114;133305;130788; REC ;158;07/07/2024;0,12
ZX;Saint-Martin/Saint-Barthélemy;25227;7232;6919;DIV;824;07-07-2024;11,91
ZX;Saint-Martin/Saint-Barthélemy;25227;7232;6919;DVC;2867;07-07-2024;41,44
ZX;Saint-Martin/Saint-Barthélemy;25227;7232;6919;DVD;2548;2024-07-07;36,83
ZX;Saint-Martin/Saint-Barthélemy;25227;7232;6919;REC;680;07/07/2024;9,83
ZZ;Français établis hors de France;1570288;573950;566232;RDG;222;7 juillet 2024;0,04
ZZ;Français établis hors de France;;573950;566232;DVG;12395;07/07/2024;2,19
ZZ;Français établis hors de France;1570288;573950;566232;UG;195346;2024-07-07;34,50
ZZ;Français établis hors de France;1570288;573950;566232;ECO;2297;2024-07-07;0,41
ZZ;Français établis hors de France;1570288;573950;566232;REG;507;7 juillet 2024;0,09
ZZ;Français établis hors de France;1570288;573950;566232;DIV;7114;07/07/2024;1,26
ZZ;Français établis hors de France;1570288;573950;566232;ENS;185199;07/07/2024;32,71
ZZ;Français établis hors de France;1570288;573950;566232;DVC;41508;7 juillet 2024;7,33
ZZ;Français établis hors de France;1570288;573950;566232;LR;39297;7 juillet 2024;6,94
ZZ;Français établis hors de France;1570288;573950;566232;DVD;6747;07-07-2024;1,19
ZZ;Français établis hors de France;1570288;573950;566232;DSV;1981;7 juillet 2024;0,35
ZZ;Français établis hors de France;1570288;573950;566232;RN;56115;07/07/2024;9,91
ZZ;Français établis hors de France;1570288;573950;566232;REC;9862;07/07/2024;1,74
ZZ;Français établis hors de France;1570288;573950;566232;UXD;6147;7 juillet 2024;1,09
ZZ;Français établis hors de France;1570288;573950;566232;EXD;1495;2024-07-07;0,26
