code;departement;inscrits;votants;exprimes;nuance;voix
1;Ain;446866;310781;303352;EXG;2919
1;Ain;446866;310781;303352;UG;70321
1;Ain;446866;310781;303352;ECO;484
1;Ain;446866;310781;303352;DIV;766
1;Ain;446866;310781;303352;ENS;62300
1;Ain;446866;310781;303352;LR;33697
1;Ain;446866;310781;303352;DVD;9651
1;Ain;446866;310781;303352;DSV;1280
1;Ain;446866;310781;303352;RN;99481
1;Ain;446866;310781;303352;REC;429
1;Ain;446866;310781;303352;UXD;20161
1;Ain;446866;310781;303352;EXD;1863
2;Aisne;372655;238505;231265;EXG;3836
2;Aisne;372655;238505;231265;DVG;15385
2;Aisne;372655;238505;231265;UG;34772
2;Aisne;372655;238505;231265;DIV;316
2;Aisne;372655;238505;231265;ENS;31639
2;Aisne;372655;238505;231265;LR;18953
2;Aisne;372655;238505;231265;DSV;1165
2;Aisne;372655;238505;231265;RN;99853
2;Aisne;372655;238505;231265;REC;1216
2;Aisne;372655;238505;231265;EXD;24130
3;Allier;248492;170917;164573;EXG;2361
3;Allier;248492;170917;164573;UG;40460
3;Allier;248492;170917;164573;ENS;15335
3;Allier;248492;170917;164573;UDI;1303
3;Allier;248492;170917;164573;LR;39557
3;Allier;248492;170917;164573;DVD;3548
3;Allier;248492;170917;164573;RN;60896
3;Allier;248492;170917;164573;REC;1113
4;Alpes-de-Haute-Provence;128144;89839;86811;EXG;834
4;Alpes-de-Haute-Provence;128144;89839;86811;UG;26231
4;Alpes-de-Haute-Provence;128144;89839;86811;ENS;18294
4;Alpes-de-Haute-Provence;128144;89839;86811;UDI;1
4;Alpes-de-Haute-Provence;128144;89839;86811;LR;2956
4;Alpes-de-Haute-Provence;128144;89839;86811;DVD;512
4;Alpes-de-Haute-Provence;128144;89839;86811;RN;18616
4;Alpes-de-Haute-Provence;128144;89839;86811;REC;1053
4;Alpes-de-Haute-Provence;128144;89839;86811;UXD;18314
5;Hautes-Alpes;114564;82236;79961;EXG;1037
5;Hautes-Alpes;114564;82236;79961;UG;25229
5;Hautes-Alpes;114564;82236;79961;DIV;2206
5;Hautes-Alpes;114564;82236;79961;ENS;19650
5;Hautes-Alpes;114564;82236;79961;LR;2950
5;Hautes-Alpes;114564;82236;79961;RN;28889
6;Alpes-Maritimes;784146;520859;509998;EXG;3120
6;Alpes-Maritimes;784146;520859;509998;UG;98839
6;Alpes-Maritimes;784146;520859;509998;ECO;16194
6;Alpes-Maritimes;784146;520859;509998;REG;136
6;Alpes-Maritimes;784146;520859;509998;DIV;6700
6;Alpes-Maritimes;784146;520859;509998;ENS;74691
6;Alpes-Maritimes;784146;520859;509998;LR;75315
6;Alpes-Maritimes;784146;520859;509998;DSV;883
6;Alpes-Maritimes;784146;520859;509998;RN;156761
6;Alpes-Maritimes;784146;520859;509998;REC;932
6;Alpes-Maritimes;784146;520859;509998;UXD;74596
6;Alpes-Maritimes;784146;520859;509998;EXD;1831
7;Ardèche;257756;185082;180073;EXG;2410
7;Ardèche;257756;185082;180073;UG;54099
7;Ardèche;257756;185082;180073;REG;331
7;Ardèche;257756;185082;180073;DIV;2417
7;Ardèche;257756;185082;180073;ENS;24539
7;Ardèche;257756;185082;180073;LR;3067
7;Ardèche;257756;185082;180073;DVD;25703
7;Ardèche;257756;185082;180073;DSV;1264
7;Ardèche;257756;185082;180073;RN;40064
7;Ardèche;257756;185082;180073;REC;1762
7;Ardèche;257756;185082;180073;UXD;24417
8;Ardennes;185429;120990;118714;EXG;1424
8;Ardennes;185429;120990;118714;UG;18954
8;Ardennes;185429;120990;118714;ECO;956
8;Ardennes;185429;120990;118714;DIV;998
8;Ardennes;185429;120990;118714;ENS;15624
8;Ardennes;185429;120990;118714;LR;1782
8;Ardennes;185429;120990;118714;DVD;26509
8;Ardennes;185429;120990;118714;RN;48210
8;Ardennes;185429;120990;118714;EXD;4257
9;Ariège;119467;84320;79199;EXG;4608
9;Ariège;119467;84320;79199;UG;39156
9;Ariège;119467;84320;79199;DVD;2023
9;Ariège;119467;84320;79199;RN;31727
9;Ariège;119467;84320;79199;REC;1685
10;Aube;203412;137004;133555;EXG;1522
10;Aube;203412;137004;133555;UG;24453
10;Aube;203412;137004;133555;ECO;970
10;Aube;203412;137004;133555;ENS;19595
10;Aube;203412;137004;133555;LR;22477
10;Aube;203412;137004;133555;DVD;1502
10;Aube;203412;137004;133555;RN;63036
11;Aude;281911;197157;189943;EXG;1330
11;Aude;281911;197157;189943;DVG;8463
11;Aude;281911;197157;189943;UG;48696
11;Aude;281911;197157;189943;REG;0
11;Aude;281911;197157;189943;DIV;2686
11;Aude;281911;197157;189943;ENS;31134
11;Aude;281911;197157;189943;DVC;465
11;Aude;281911;197157;189943;UDI;1868
11;Aude;281911;197157;189943;LR;2100
11;Aude;281911;197157;189943;DVD;654
11;Aude;281911;197157;189943;RN;90074
11;Aude;281911;197157;189943;REC;2473
12;Aveyron;218833;161220;154844;EXG;1620
12;Aveyron;218833;161220;154844;UG;43100
12;Aveyron;218833;161220;154844;ECO;1066
12;Aveyron;218833;161220;154844;ENS;55553
12;Aveyron;218833;161220;154844;DVD;811
12;Aveyron;218833;161220;154844;DSV;1141
12;Aveyron;218833;161220;154844;RN;33509
12;Aveyron;218833;161220;154844;UXD;18044
13;Bouches-du-Rhône;1438716;956705;934551;EXG;6685
13;Bouches-du-Rhône;1438716;956705;934551;DVG;13778
13;Bouches-du-Rhône;1438716;956705;934551;UG;273957
13;Bouches-du-Rhône;1438716;956705;934551;ECO;10140
13;Bouches-du-Rhône;1438716;956705;934551;REG;2
13;Bouches-du-Rhône;1438716;956705;934551;DIV;946
13;Bouches-du-Rhône;1438716;956705;934551;ENS;183918
13;Bouches-du-Rhône;1438716;956705;934551;DVC;3
13;Bouches-du-Rhône;1438716;956705;934551;LR;45652
13;Bouches-du-Rhône;1438716;956705;934551;DVD;378
13;Bouches-du-Rhône;1438716;956705;934551;DSV;3248
13;Bouches-du-Rhône;1438716;956705;934551;RN;341630
13;Bouches-du-Rhône;1438716;956705;934551;REC;13325
13;Bouches-du-Rhône;1438716;956705;934551;UXD;40885
13;Bouches-du-Rhône;1438716;956705;934551;EXD;4
14;Calvados;516426;364341;355684;EXG;3597
14;Calvados;516426;364341;355684;UG;93618
14;Calvados;516426;364341;355684;DIV;12
14;Calvados;516426;364341;355684;ENS;84690
14;Calvados;516426;364341;355684;DVC;5080
14;Calvados;516426;364341;355684;DVD;48257
14;Calvados;516426;364341;355684;DSV;4296
14;Calvados;516426;364341;355684;RN;113340
14;Calvados;516426;364341;355684;REC;2794
15;Cantal;114624;82445;80224;EXG;756
15;Cantal;114624;82445;80224;UG;14812
15;Cantal;114624;82445;80224;HOR;3377
15;Cantal;114624;82445;80224;ENS;3019
15;Cantal;114624;82445;80224;DVD;32346
15;Cantal;114624;82445;80224;RN;25284
15;Cantal;114624;82445;80224;REC;630
16;Charente;258184;177234;170977;EXG;2494
16;Charente;258184;177234;170977;UG;45027
16;Charente;258184;177234;170977;ECO;457
16;Charente;258184;177234;170977;HOR;16784
16;Charente;258184;177234;170977;ENS;29920
16;Charente;258184;177234;170977;UDI;2293
16;Charente;258184;177234;170977;LR;7055
16;Charente;258184;177234;170977;RN;42737
16;Charente;258184;177234;170977;REC;2259
16;Charente;258184;177234;170977;UXD;21440
16;Charente;258184;177234;170977;EXD;509
17;Charente-Maritime;524078;365607;355954;EXG;4133
17;Charente-Maritime;524078;365607;355954;DVG;35413
17;Charente-Maritime;524078;365607;355954;UG;88598
17;Charente-Maritime;524078;365607;355954;REG;0
17;Charente-Maritime;524078;365607;355954;DIV;170
17;Charente-Maritime;524078;365607;355954;HOR;27124
17;Charente-Maritime;524078;365607;355954;ENS;52934
17;Charente-Maritime;524078;365607;355954;LR;14902
17;Charente-Maritime;524078;365607;355954;RN;131705
17;Charente-Maritime;524078;365607;355954;REC;975
18;Cher;222522;147076;142300;EXG;1828
18;Cher;222522;147076;142300;UG;33387
18;Cher;222522;147076;142300;REG;149
18;Cher;222522;147076;142300;ENS;40809
18;Cher;222522;147076;142300;LR;3178
18;Cher;222522;147076;142300;DVD;2705
18;Cher;222522;147076;142300;DSV;290
18;Cher;222522;147076;142300;RN;58847
18;Cher;222522;147076;142300;REC;1107
19;Corrèze;185012;135276;129778;EXG;2612
19;Corrèze;185012;135276;129778;UG;41783
19;Corrèze;185012;135276;129778;LR;41272
19;Corrèze;185012;135276;129778;RN;43548
19;Corrèze;185012;135276;129778;REC;563
21;Côte-d'Or;367955;261166;254532;EXG;3471
21;Côte-d'Or;367955;261166;254532;DVG;3408
21;Côte-d'Or;367955;261166;254532;UG;63846
21;Côte-d'Or;367955;261166;254532;ECO;1222
21;Côte-d'Or;367955;261166;254532;ENS;55878
21;Côte-d'Or;367955;261166;254532;DVC;233
21;Côte-d'Or;367955;261166;254532;LR;30250
21;Côte-d'Or;367955;261166;254532;DVD;1531
21;Côte-d'Or;367955;261166;254532;DSV;231
21;Côte-d'Or;367955;261166;254532;RN;76545
21;Côte-d'Or;367955;261166;254532;REC;512
21;Côte-d'Or;367955;261166;254532;UXD;17405
22;Côtes-d'Armor;473904;351392;341752;EXG;5704
22;Côtes-d'Armor;473904;351392;341752;UG;96012
22;Côtes-d'Armor;473904;351392;341752;ECO;1806
22;Côtes-d'Armor;473904;351392;341752;REG;1484
22;Côtes-d'Armor;473904;351392;341752;DIV;426
22;Côtes-d'Armor;473904;351392;341752;ENS;103505
22;Côtes-d'Armor;473904;351392;341752;DVC;552
22;Côtes-d'Armor;473904;351392;341752;LR;24155
22;Côtes-d'Armor;473904;351392;341752;DVD;5946
22;Côtes-d'Armor;473904;351392;341752;RN;101308
22;Côtes-d'Armor;473904;351392;341752;REC;854
23;Creuse;89980;63557;61182;EXG;958
23;Creuse;89980;63557;61182;UG;14359
23;Creuse;89980;63557;61182;DIV;763
23;Creuse;89980;63557;61182;ENS;10670
23;Creuse;89980;63557;61182;DVD;13536
23;Creuse;89980;63557;61182;REC;493
23;Creuse;89980;63557;61182;UXD;20403
24;Dordogne;319281;229285;220680;EXG;2905
24;Dordogne;319281;229285;220680;UG;67072
24;Dordogne;319281;229285;220680;DIV;129
24;Dordogne;319281;229285;220680;ENS;37015
24;Dordogne;319281;229285;220680;DVC;10521
24;Dordogne;319281;229285;220680;LR;15303
24;Dordogne;319281;229285;220680;RN;86433
24;Dordogne;319281;229285;220680;REC;1302
25;Doubs;370148;257393;250140;EXG;3682
25;Doubs;370148;257393;250140;UG;66338
25;Doubs;370148;257393;250140;ECO;1829
25;Doubs;370148;257393;250140;REG;2
25;Doubs;370148;257393;250140;DIV;497
25;Doubs;370148;257393;250140;ENS;61010
25;Doubs;370148;257393;250140;LR;24571
25;Doubs;370148;257393;250140;DSV;889
25;Doubs;370148;257393;250140;RN;72527
25;Doubs;370148;257393;250140;UXD;18795
26;Drôme;386344;273054;266172;EXG;2736
26;Drôme;386344;273054;266172;UG;80317
26;Drôme;386344;273054;266172;ENS;41951
26;Drôme;386344;273054;266172;LR;39466
26;Drôme;386344;273054;266172;DVD;1795
26;Drôme;386344;273054;266172;DSV;798
26;Drôme;386344;273054;266172;RN;70273
26;Drôme;386344;273054;266172;REC;2816
26;Drôme;386344;273054;266172;UXD;26020
27;Eure;435450;293486;285976;EXG;3950
27;Eure;435450;293486;285976;UG;65973
27;Eure;435450;293486;285976;DIV;517
27;Eure;435450;293486;285976;ENS;62400
27;Eure;435450;293486;285976;DVC;9369
27;Eure;435450;293486;285976;LR;3233
27;Eure;435450;293486;285976;DVD;8773
27;Eure;435450;293486;285976;RN;129111
27;Eure;435450;293486;285976;REC;2651
28;Eure-et-Loir;305627;201734;196775;EXG;5206
28;Eure-et-Loir;305627;201734;196775;UG;32904
28;Eure-et-Loir;305627;201734;196775;ENS;40722
28;Eure-et-Loir;305627;201734;196775;DVC;16439
28;Eure-et-Loir;305627;201734;196775;LR;22245
28;Eure-et-Loir;305627;201734;196775;RN;57662
28;Eure-et-Loir;305627;201734;196775;REC;2743
28;Eure-et-Loir;305627;201734;196775;UXD;18854
29;Finistère;714429;524034;511456;EXG;6450
29;Finistère;714429;524034;511456;DVG;15207
29;Finistère;714429;524034;511456;UG;152747
29;Finistère;714429;524034;511456;ECO;1131
29;Finistère;714429;524034;511456;REG;4750
29;Finistère;714429;524034;511456;DIV;293
29;Finistère;714429;524034;511456;ENS;152782
29;Finistère;714429;524034;511456;DVC;11137
29;Finistère;714429;524034;511456;LR;19509
29;Finistère;714429;524034;511456;DVD;6697
29;Finistère;714429;524034;511456;DSV;1691
29;Finistère;714429;524034;511456;RN;136950
29;Finistère;714429;524034;511456;REC;2057
29;Finistère;714429;524034;511456;EXD;55
2A;Corse-du-Sud;114985;73460;72066;EXG;133
2A;Corse-du-Sud;114985;73460;72066;COM;3125
2A;Corse-du-Sud;114985;73460;72066;SOC;4780
2A;Corse-du-Sud;114985;73460;72066;REG;23283
2A;Corse-du-Sud;114985;73460;72066;ENS;10210
2A;Corse-du-Sud;114985;73460;72066;DVD;6538
2A;Corse-du-Sud;114985;73460;72066;RN;23997
2B;Haute-Corse;130037;83732;82039;EXG;483
2B;Haute-Corse;130037;83732;82039;FI;3353
2B;Haute-Corse;130037;83732;82039;VEC;2668
2B;Haute-Corse;130037;83732;82039;REG;30011
2B;Haute-Corse;130037;83732;82039;DIV;50
2B;Haute-Corse;130037;83732;82039;DVC;7481
2B;Haute-Corse;130037;83732;82039;DVD;15100
2B;Haute-Corse;130037;83732;82039;DSV;393
2B;Haute-Corse;130037;83732;82039;RN;22130
2B;Haute-Corse;130037;83732;82039;REC;370
30;Gard;562198;385840;376201;EXG;3991
30;Gard;562198;385840;376201;UG;103579
30;Gard;562198;385840;376201;REG;1309
30;Gard;562198;385840;376201;DIV;752
30;Gard;562198;385840;376201;ENS;65842
30;Gard;562198;385840;376201;UDI;1841
30;Gard;562198;385840;376201;LR;25750
30;Gard;562198;385840;376201;DVD;0
30;Gard;562198;385840;376201;RN;145534
30;Gard;562198;385840;376201;UXD;27602
30;Gard;562198;385840;376201;EXD;1
31;Haute-Garonne;950712;692116;672346;EXG;6441
31;Haute-Garonne;950712;692116;672346;DVG;828
31;Haute-Garonne;950712;692116;672346;UG;255623
31;Haute-Garonne;950712;692116;672346;ECO;5856
31;Haute-Garonne;950712;692116;672346;REG;150
31;Haute-Garonne;950712;692116;672346;DIV;1121
31;Haute-Garonne;950712;692116;672346;ENS;180747
31;Haute-Garonne;950712;692116;672346;DVC;5464
31;Haute-Garonne;950712;692116;672346;LR;3308
31;Haute-Garonne;950712;692116;672346;DVD;1967
31;Haute-Garonne;950712;692116;672346;DSV;746
31;Haute-Garonne;950712;692116;672346;RN;171031
31;Haute-Garonne;950712;692116;672346;REC;9022
31;Haute-Garonne;950712;692116;672346;UXD;30042
32;Gers;146904;108484;104815;EXG;777
32;Gers;146904;108484;104815;DVG;24185
32;Gers;146904;108484;104815;UG;14129
32;Gers;146904;108484;104815;ECO;1375
32;Gers;146904;108484;104815;REG;2281
32;Gers;146904;108484;104815;ENS;16072
32;Gers;146904;108484;104815;LR;7416
32;Gers;146904;108484;104815;RN;37314
32;Gers;146904;108484;104815;REC;1266
33;Gironde;1182276;836263;814278;EXG;10056
33;Gironde;1182276;836263;814278;DVG;305
33;Gironde;1182276;836263;814278;UG;268154
33;Gironde;1182276;836263;814278;ECO;2984
33;Gironde;1182276;836263;814278;DIV;143
33;Gironde;1182276;836263;814278;ENS;229977
33;Gironde;1182276;836263;814278;DVC;7791
33;Gironde;1182276;836263;814278;LR;16752
33;Gironde;1182276;836263;814278;DVD;4398
33;Gironde;1182276;836263;814278;RN;268059
33;Gironde;1182276;836263;814278;REC;5639
33;Gironde;1182276;836263;814278;EXD;20
34;Hérault;864765;599075;582760;EXG;5357
34;Hérault;864765;599075;582760;UG;188402
34;Hérault;864765;599075;582760;ECO;4068
34;Hérault;864765;599075;582760;DIV;1140
34;Hérault;864765;599075;582760;ENS;116918
34;Hérault;864765;599075;582760;UDI;1157
34;Hérault;864765;599075;582760;LR;4447
34;Hérault;864765;599075;582760;DVD;26141
34;Hérault;864765;599075;582760;RN;185960
34;Hérault;864765;599075;582760;REC;6546
34;Hérault;864765;599075;582760;UXD;42625
35;Ille-et-Vilaine;786142;578396;564554;EXG;7293
35;Ille-et-Vilaine;786142;578396;564554;DVG;486
35;Ille-et-Vilaine;786142;578396;564554;UG;194754
35;Ille-et-Vilaine;786142;578396;564554;ECO;76
35;Ille-et-Vilaine;786142;578396;564554;REG;2787
35;Ille-et-Vilaine;786142;578396;564554;ENS;161391
35;Ille-et-Vilaine;786142;578396;564554;DVC;4067
35;Ille-et-Vilaine;786142;578396;564554;LR;18083
35;Ille-et-Vilaine;786142;578396;564554;DVD;34237
35;Ille-et-Vilaine;786142;578396;564554;DSV;985
35;Ille-et-Vilaine;786142;578396;564554;RN;140395
36;Indre;164446;111895;107903;EXG;1687
36;Indre;164446;111895;107903;UG;24441
36;Indre;164446;111895;107903;DIV;836
36;Indre;164446;111895;107903;HOR;17256
36;Indre;164446;111895;107903;LR;18700
36;Indre;164446;111895;107903;RN;19755
36;Indre;164446;111895;107903;REC;716
36;Indre;164446;111895;107903;UXD;24512
37;Indre-et-Loire;444906;308239;299902;EXG;3902
37;Indre-et-Loire;444906;308239;299902;DVG;1690
37;Indre-et-Loire;444906;308239;299902;UG;86212
37;Indre-et-Loire;444906;308239;299902;DIV;4252
37;Indre-et-Loire;444906;308239;299902;ENS;87425
37;Indre-et-Loire;444906;308239;299902;LR;18989
37;Indre-et-Loire;444906;308239;299902;RN;72712
37;Indre-et-Loire;444906;308239;299902;REC;2996
37;Indre-et-Loire;444906;308239;299902;UXD;21724
38;Isère;891713;633410;619891;EXG;6883
38;Isère;891713;633410;619891;DVG;3348
38;Isère;891713;633410;619891;UG;196644
38;Isère;891713;633410;619891;ECO;1014
38;Isère;891713;633410;619891;DIV;215
38;Isère;891713;633410;619891;ENS;125698
38;Isère;891713;633410;619891;DVC;7257
38;Isère;891713;633410;619891;UDI;370
38;Isère;891713;633410;619891;LR;60968
38;Isère;891713;633410;619891;DSV;789
38;Isère;891713;633410;619891;RN;158894
38;Isère;891713;633410;619891;REC;2648
38;Isère;891713;633410;619891;UXD;55163
39;Jura;190853;135019;131192;EXG;1968
39;Jura;190853;135019;131192;UG;31489
39;Jura;190853;135019;131192;ENS;16231
39;Jura;190853;135019;131192;LR;31234
39;Jura;190853;135019;131192;DSV;694
39;Jura;190853;135019;131192;RN;49186
39;Jura;190853;135019;131192;REC;390
40;Landes;334334;240666;232982;EXG;2204
40;Landes;334334;240666;232982;UG;71346
40;Landes;334334;240666;232982;REG;1809
40;Landes;334334;240666;232982;ENS;58714
40;Landes;334334;240666;232982;DVC;1865
40;Landes;334334;240666;232982;LR;13046
40;Landes;334334;240666;232982;RN;81567
40;Landes;334334;240666;232982;REC;2431
41;Loir-et-Cher;244040;166919;160894;EXG;3780
41;Loir-et-Cher;244040;166919;160894;DVG;8311
41;Loir-et-Cher;244040;166919;160894;UG;20822
41;Loir-et-Cher;244040;166919;160894;DIV;142
41;Loir-et-Cher;244040;166919;160894;ENS;38725
41;Loir-et-Cher;244040;166919;160894;DVC;2867
41;Loir-et-Cher;244040;166919;160894;UDI;2803
41;Loir-et-Cher;244040;166919;160894;LR;3220
41;Loir-et-Cher;244040;166919;160894;DVD;10386
41;Loir-et-Cher;244040;166919;160894;RN;67371
41;Loir-et-Cher;244040;166919;160894;REC;2467
42;Loire;517195;357504;348683;EXG;4955
42;Loire;517195;357504;348683;DVG;754
42;Loire;517195;357504;348683;UG;90895
42;Loire;517195;357504;348683;ECO;2086
42;Loire;517195;357504;348683;ENS;26107
42;Loire;517195;357504;348683;DVC;10754
42;Loire;517195;357504;348683;UDI;7310
42;Loire;517195;357504;348683;LR;73205
42;Loire;517195;357504;348683;DVD;1177
42;Loire;517195;357504;348683;RN;130117
42;Loire;517195;357504;348683;REC;1084
42;Loire;517195;357504;348683;EXD;239
43;Haute-Loire;182106;131939;129156;EXG;1463
43;Haute-Loire;182106;131939;129156;UG;24592
43;Haute-Loire;182106;131939;129156;ENS;11539
43;Haute-Loire;182106;131939;129156;LR;48586
43;Haute-Loire;182106;131939;129156;RN;42976
44;Loire-Atlantique;1073848;766963;746531;EXG;9595
44;Loire-Atlantique;1073848;766963;746531;DVG;12060
44;Loire-Atlantique;1073848;766963;746531;UG;266958
44;Loire-Atlantique;1073848;766963;746531;ECO;3306
44;Loire-Atlantique;1073848;766963;746531;REG;3018
44;Loire-Atlantique;1073848;766963;746531;DIV;0
44;Loire-Atlantique;1073848;766963;746531;ENS;165458
44;Loire-Atlantique;1073848;766963;746531;LR;31060
44;Loire-Atlantique;1073848;766963;746531;DVD;58395
44;Loire-Atlantique;1073848;766963;746531;DSV;6113
44;Loire-Atlantique;1073848;766963;746531;RN;142001
44;Loire-Atlantique;1073848;766963;746531;REC;2635
44;Loire-Atlantique;1073848;766963;746531;UXD;45932
45;Loiret;461119;311007;303676;EXG;2983
45;Loiret;461119;311007;303676;DVG;2129
45;Loiret;461119;311007;303676;UG;76532
45;Loiret;461119;311007;303676;ECO;1474
45;Loiret;461119;311007;303676;DIV;1272
45;Loiret;461119;311007;303676;ENS;63306
45;Loiret;461119;311007;303676;DVC;3620
45;Loiret;461119;311007;303676;LR;12303
45;Loiret;461119;311007;303676;DVD;19858
45;Loiret;461119;311007;303676;DSV;595
45;Loiret;461119;311007;303676;RN;115587
45;Loiret;461119;311007;303676;REC;4017
46;Lot;139367;102973;99806;EXG;960
46;Lot;139367;102973;99806;DVG;259
46;Lot;139367;102973;99806;UG;30854
46;Lot;139367;102973;99806;DIV;1237
46;Lot;139367;102973;99806;ENS;17441
46;Lot;139367;102973;99806;LR;22180
46;Lot;139367;102973;99806;RN;26477
46;Lot;139367;102973;99806;REC;398
47;Lot-et-Garonne;241288;169033;163188;EXG;2150
47;Lot-et-Garonne;241288;169033;163188;DVG;7457
47;Lot-et-Garonne;241288;169033;163188;UG;38770
47;Lot-et-Garonne;241288;169033;163188;REG;1021
47;Lot-et-Garonne;241288;169033;163188;ENS;28427
47;Lot-et-Garonne;241288;169033;163188;DVD;12876
47;Lot-et-Garonne;241288;169033;163188;RN;72487
48;Lozère;59764;44845;43478;EXG;284
48;Lozère;59764;44845;43478;DVG;81
48;Lozère;59764;44845;43478;UG;15292
48;Lozère;59764;44845;43478;DIV;2627
48;Lozère;59764;44845;43478;DVD;10451
48;Lozère;59764;44845;43478;RN;14743
49;Maine-et-Loire;597376;416526;404095;EXG;5873
49;Maine-et-Loire;597376;416526;404095;UG;104086
49;Maine-et-Loire;597376;416526;404095;ENS;130064
49;Maine-et-Loire;597376;416526;404095;DVC;2719
49;Maine-et-Loire;597376;416526;404095;LR;38451
49;Maine-et-Loire;597376;416526;404095;DVD;0
49;Maine-et-Loire;597376;416526;404095;DSV;3584
49;Maine-et-Loire;597376;416526;404095;RN;101522
49;Maine-et-Loire;597376;416526;404095;REC;1730
49;Maine-et-Loire;597376;416526;404095;UXD;16066
50;Manche;383268;265897;259482;EXG;2918
50;Manche;383268;265897;259482;UG;57452
50;Manche;383268;265897;259482;ECO;639
50;Manche;383268;265897;259482;DIV;6951
50;Manche;383268;265897;259482;ENS;66927
50;Manche;383268;265897;259482;DVD;37060
50;Manche;383268;265897;259482;DSV;945
50;Manche;383268;265897;259482;RN;40519
50;Manche;383268;265897;259482;REC;2865
50;Manche;383268;265897;259482;UXD;43206
51;Marne;381989;252247;246124;EXG;3237
51;Marne;381989;252247;246124;UG;46411
51;Marne;381989;252247;246124;ECO;1301
51;Marne;381989;252247;246124;DIV;134
51;Marne;381989;252247;246124;ENS;62001
51;Marne;381989;252247;246124;DVC;21751
51;Marne;381989;252247;246124;LR;3249
51;Marne;381989;252247;246124;DVD;21122
51;Marne;381989;252247;246124;DSV;1219
51;Marne;381989;252247;246124;RN;62644
51;Marne;381989;252247;246124;REC;1165
51;Marne;381989;252247;246124;UXD;21890
52;Haute-Marne;128214;84666;81648;EXG;1553
52;Haute-Marne;128214;84666;81648;UG;13980
52;Haute-Marne;128214;84666;81648;DIV;355
52;Haute-Marne;128214;84666;81648;ENS;12529
52;Haute-Marne;128214;84666;81648;DVD;10407
52;Haute-Marne;128214;84666;81648;RN;42824
53;Mayenne;226581;154947;150682;EXG;1349
53;Mayenne;226581;154947;150682;UG;43794
53;Mayenne;226581;154947;150682;DIV;209
53;Mayenne;226581;154947;150682;HOR;23294
53;Mayenne;226581;154947;150682;ENS;18746
53;Mayenne;226581;154947;150682;UDI;9957
53;Mayenne;226581;154947;150682;DVD;7344
53;Mayenne;226581;154947;150682;RN;45989
54;Meurthe-et-Moselle;494237;322583;314644;EXG;4502
54;Meurthe-et-Moselle;494237;322583;314644;UG;101624
54;Meurthe-et-Moselle;494237;322583;314644;ECO;1133
54;Meurthe-et-Moselle;494237;322583;314644;DIV;244
54;Meurthe-et-Moselle;494237;322583;314644;ENS;44905
54;Meurthe-et-Moselle;494237;322583;314644;LR;42346
54;Meurthe-et-Moselle;494237;322583;314644;DSV;1328
54;Meurthe-et-Moselle;494237;322583;314644;RN;96527
54;Meurthe-et-Moselle;494237;322583;314644;REC;1141
54;Meurthe-et-Moselle;494237;322583;314644;EXD;20894
55;Meuse;134192;89545;86935;EXG;912
55;Meuse;134192;89545;86935;UG;12457
55;Meuse;134192;89545;86935;ECO;742
55;Meuse;134192;89545;86935;DVD;29425
55;Meuse;134192;89545;86935;DSV;708
55;Meuse;134192;89545;86935;RN;42691
56;Morbihan;615731;447778;437442;EXG;4814
56;Morbihan;615731;447778;437442;DVG;1898
56;Morbihan;615731;447778;437442;UG;106270
56;Morbihan;615731;447778;437442;ECO;1545
56;Morbihan;615731;447778;437442;REG;32689
56;Morbihan;615731;447778;437442;DIV;182
56;Morbihan;615731;447778;437442;ENS;133759
56;Morbihan;615731;447778;437442;DVD;19325
56;Morbihan;615731;447778;437442;DSV;2474
56;Morbihan;615731;447778;437442;RN;134486
57;Moselle;747360;467341;454531;EXG;6744
57;Moselle;747360;467341;454531;DVG;466
57;Moselle;747360;467341;454531;UG;99965
57;Moselle;747360;467341;454531;REG;1886
57;Moselle;747360;467341;454531;DIV;3790
57;Moselle;747360;467341;454531;ENS;74716
57;Moselle;747360;467341;454531;UDI;16631
57;Moselle;747360;467341;454531;LR;44746
57;Moselle;747360;467341;454531;DVD;5751
57;Moselle;747360;467341;454531;DSV;1579
57;Moselle;747360;467341;454531;RN;196163
57;Moselle;747360;467341;454531;REC;2094
58;Nièvre;152615;102143;98621;EXG;1648
58;Nièvre;152615;102143;98621;DVG;9
58;Nièvre;152615;102143;98621;UG;23644
58;Nièvre;152615;102143;98621;ENS;24301
58;Nièvre;152615;102143;98621;LR;5239
58;Nièvre;152615;102143;98621;DSV;1429
58;Nièvre;152615;102143;98621;RN;42351
59;Nord;1819768;1167267;1137941;EXG;17972
59;Nord;1819768;1167267;1137941;DVG;28349
59;Nord;1819768;1167267;1137941;UG;295683
59;Nord;1819768;1167267;1137941;REG;58
59;Nord;1819768;1167267;1137941;DIV;18225
59;Nord;1819768;1167267;1137941;HOR;17168
59;Nord;1819768;1167267;1137941;ENS;146721
59;Nord;1819768;1167267;1137941;DVC;5766
59;Nord;1819768;1167267;1137941;UDI;17367
59;Nord;1819768;1167267;1137941;LR;24303
59;Nord;1819768;1167267;1137941;DVD;108354
59;Nord;1819768;1167267;1137941;DSV;2044
59;Nord;1819768;1167267;1137941;RN;397462
59;Nord;1819768;1167267;1137941;REC;4494
59;Nord;1819768;1167267;1137941;UXD;53975
60;Oise;567860;373249;364208;EXG;3688
60;Oise;567860;373249;364208;UG;78746
60;Oise;567860;373249;364208;ECO;3315
60;Oise;567860;373249;364208;DIV;573
60;Oise;567860;373249;364208;ENS;42502
60;Oise;567860;373249;364208;DVC;2885
60;Oise;567860;373249;364208;UDI;13138
60;Oise;567860;373249;364208;LR;48276
60;Oise;567860;373249;364208;DVD;2766
60;Oise;567860;373249;364208;DSV;1067
60;Oise;567860;373249;364208;RN;163265
60;Oise;567860;373249;364208;REC;3987
61;Orne;203373;139454;136006;EXG;1803
61;Orne;203373;139454;136006;UG;29588
61;Orne;203373;139454;136006;DIV;49
61;Orne;203373;139454;136006;ENS;12718
61;Orne;203373;139454;136006;DVC;5405
61;Orne;203373;139454;136006;DVD;35375
61;Orne;203373;139454;136006;DSV;1026
61;Orne;203373;139454;136006;RN;48649
61;Orne;203373;139454;136006;REC;1393
62;Pas-de-Calais;1100255;712879;693578;EXG;9614
62;Pas-de-Calais;1100255;712879;693578;DVG;7054
62;Pas-de-Calais;1100255;712879;693578;UG;142004
62;Pas-de-Calais;1100255;712879;693578;ECO;946
62;Pas-de-Calais;1100255;712879;693578;DIV;1325
62;Pas-de-Calais;1100255;712879;693578;ENS;102898
62;Pas-de-Calais;1100255;712879;693578;DVC;19416
62;Pas-de-Calais;1100255;712879;693578;UDI;8571
62;Pas-de-Calais;1100255;712879;693578;LR;51145
62;Pas-de-Calais;1100255;712879;693578;DVD;0
62;Pas-de-Calais;1100255;712879;693578;RN;346995
62;Pas-de-Calais;1100255;712879;693578;REC;3610
63;Puy-de-Dôme;471298;334906;325527;EXG;4381
63;Puy-de-Dôme;471298;334906;325527;DVG;64
63;Puy-de-Dôme;471298;334906;325527;UG;110392
63;Puy-de-Dôme;471298;334906;325527;ENS;68624
63;Puy-de-Dôme;471298;334906;325527;LR;37370
63;Puy-de-Dôme;471298;334906;325527;DVD;277
63;Puy-de-Dôme;471298;334906;325527;RN;102632
63;Puy-de-Dôme;471298;334906;325527;REC;1787
64;Pyrénées-Atlantiques;526593;378666;369625;EXG;3051
64;Pyrénées-Atlantiques;526593;378666;369625;DVG;31896
64;Pyrénées-Atlantiques;526593;378666;369625;UG;98904
64;Pyrénées-Atlantiques;526593;378666;369625;ECO;5433
64;Pyrénées-Atlantiques;526593;378666;369625;REG;7962
64;Pyrénées-Atlantiques;526593;378666;369625;DIV;1172
64;Pyrénées-Atlantiques;526593;378666;369625;ENS;69384
64;Pyrénées-Atlantiques;526593;378666;369625;DVC;248
64;Pyrénées-Atlantiques;526593;378666;369625;LR;36676
64;Pyrénées-Atlantiques;526593;378666;369625;DVD;10434
64;Pyrénées-Atlantiques;526593;378666;369625;RN;85184
64;Pyrénées-Atlantiques;526593;378666;369625;REC;671
64;Pyrénées-Atlantiques;526593;378666;369625;UXD;18610
65;Hautes-Pyrénées;175824;124287;120183;EXG;1225
65;Hautes-Pyrénées;175824;124287;120183;UG;34619
65;Hautes-Pyrénées;175824;124287;120183;REG;1486
65;Hautes-Pyrénées;175824;124287;120183;DIV;17402
65;Hautes-Pyrénées;175824;124287;120183;ENS;15121
65;Hautes-Pyrénées;175824;124287;120183;LR;6231
65;Hautes-Pyrénées;175824;124287;120183;RN;42708
65;Hautes-Pyrénées;175824;124287;120183;REC;1391
66;Pyrénées-Orientales;368607;250076;242415;EXG;2179
66;Pyrénées-Orientales;368607;250076;242415;UG;59660
66;Pyrénées-Orientales;368607;250076;242415;REG;5844
66;Pyrénées-Orientales;368607;250076;242415;ENS;30541
66;Pyrénées-Orientales;368607;250076;242415;DVC;16585
66;Pyrénées-Orientales;368607;250076;242415;LR;5275
66;Pyrénées-Orientales;368607;250076;242415;RN;118478
66;Pyrénées-Orientales;368607;250076;242415;REC;3853
67;Bas-Rhin;788379;530252;520746;EXG;3169
67;Bas-Rhin;788379;530252;520746;DVG;1723
67;Bas-Rhin;788379;530252;520746;UG;117959
67;Bas-Rhin;788379;530252;520746;ECO;4221
67;Bas-Rhin;788379;530252;520746;REG;12864
67;Bas-Rhin;788379;530252;520746;DIV;783
67;Bas-Rhin;788379;530252;520746;ENS;135110
67;Bas-Rhin;788379;530252;520746;LR;42012
67;Bas-Rhin;788379;530252;520746;DVD;19450
67;Bas-Rhin;788379;530252;520746;DSV;1977
67;Bas-Rhin;788379;530252;520746;RN;177435
67;Bas-Rhin;788379;530252;520746;REC;4043
68;Haut-Rhin;533009;347873;339803;EXG;2227
68;Haut-Rhin;533009;347873;339803;DVG;471
68;Haut-Rhin;533009;347873;339803;UG;61115
68;Haut-Rhin;533009;347873;339803;ECO;5477
68;Haut-Rhin;533009;347873;339803;REG;10169
68;Haut-Rhin;533009;347873;339803;DIV;1641
68;Haut-Rhin;533009;347873;339803;ENS;84119
68;Haut-Rhin;533009;347873;339803;LR;27713
68;Haut-Rhin;533009;347873;339803;DVD;12618
68;Haut-Rhin;533009;347873;339803;DSV;2515
68;Haut-Rhin;533009;347873;339803;RN;128308
68;Haut-Rhin;533009;347873;339803;REC;3430
69;Rhône;1201783;861069;847456;EXG;7196
69;Rhône;1201783;861069;847456;DVG;12427
69;Rhône;1201783;861069;847456;UG;288809
69;Rhône;1201783;861069;847456;ECO;5043
69;Rhône;1201783;861069;847456;REG;613
69;Rhône;1201783;861069;847456;DIV;1392
69;Rhône;1201783;861069;847456;ENS;201295
69;Rhône;1201783;861069;847456;UDI;501
69;Rhône;1201783;861069;847456;LR;99638
69;Rhône;1201783;861069;847456;DVD;1401
69;Rhône;1201783;861069;847456;RN;172439
69;Rhône;1201783;861069;847456;REC;6865
69;Rhône;1201783;861069;847456;UXD;49837
70;Haute-Saône;177733;125292;120835;EXG;1834
70;Haute-Saône;177733;125292;120835;UG;23994
70;Haute-Saône;177733;125292;120835;DIV;906
70;Haute-Saône;177733;125292;120835;ENS;26447
70;Haute-Saône;177733;125292;120835;LR;6600
70;Haute-Saône;177733;125292;120835;RN;59774
70;Haute-Saône;177733;125292;120835;REC;1280
71;Saône-et-Loire;401350;276452;268281;EXG;3839
71;Saône-et-Loire;401350;276452;268281;UG;63049
71;Saône-et-Loire;401350;276452;268281;DIV;193
71;Saône-et-Loire;401350;276452;268281;ENS;45945
71;Saône-et-Loire;401350;276452;268281;LR;32101
71;Saône-et-Loire;401350;276452;268281;DVD;16255
71;Saône-et-Loire;401350;276452;268281;DSV;2347
71;Saône-et-Loire;401350;276452;268281;RN;80277
71;Saône-et-Loire;401350;276452;268281;UXD;24275
72;Sarthe;412827;275024;266009;EXG;3866
72;Sarthe;412827;275024;266009;UG;72138
72;Sarthe;412827;275024;266009;REG;217
72;Sarthe;412827;275024;266009;DIV;91
72;Sarthe;412827;275024;266009;ENS;62783
72;Sarthe;412827;275024;266009;UDI;11962
72;Sarthe;412827;275024;266009;LR;9594
72;Sarthe;412827;275024;266009;DVD;1546
72;Sarthe;412827;275024;266009;DSV;1843
72;Sarthe;412827;275024;266009;RN;82556
72;Sarthe;412827;275024;266009;REC;1131
72;Sarthe;412827;275024;266009;UXD;18282
73;Savoie;323937;230378;224776;EXG;2149
73;Savoie;323937;230378;224776;UG;58497
73;Savoie;323937;230378;224776;ECO;2292
73;Savoie;323937;230378;224776;REG;1244
73;Savoie;323937;230378;224776;DIV;1194
73;Savoie;323937;230378;224776;ENS;38738
73;Savoie;323937;230378;224776;UDI;2
73;Savoie;323937;230378;224776;LR;40198
73;Savoie;323937;230378;224776;DSV;1716
73;Savoie;323937;230378;224776;RN;53483
73;Savoie;323937;230378;224776;REC;1271
73;Savoie;323937;230378;224776;UXD;23992
74;Haute-Savoie;579112;398237;389432;EXG;3350
74;Haute-Savoie;579112;398237;389432;UG;95180
74;Haute-Savoie;579112;398237;389432;REG;6559
74;Haute-Savoie;579112;398237;389432;DIV;181
74;Haute-Savoie;579112;398237;389432;ENS;91791
74;Haute-Savoie;579112;398237;389432;DVC;2265
74;Haute-Savoie;579112;398237;389432;LR;35923
74;Haute-Savoie;579112;398237;389432;DVD;24526
74;Haute-Savoie;579112;398237;389432;RN;61242
74;Haute-Savoie;579112;398237;389432;REC;2772
74;Haute-Savoie;579112;398237;389432;UXD;65643
75;Paris;1365376;1000217;987709;EXG;5576
75;Paris;1365376;1000217;987709;DVG;25475
75;Paris;1365376;1000217;987709;UG;418994
75;Paris;1365376;1000217;987709;ECO;9572
75;Paris;1365376;1000217;987709;REG;410
75;Paris;1365376;1000217;987709;DIV;1289
75;Paris;1365376;1000217;987709;ENS;303396
75;Paris;1365376;1000217;987709;DVC;24328
75;Paris;1365376;1000217;987709;LR;50570
75;Paris;1365376;1000217;987709;DVD;29506
75;Paris;1365376;1000217;987709;DSV;9
75;Paris;1365376;1000217;987709;RN;79562
75;Paris;1365376;1000217;987709;REC;12840
75;Paris;1365376;1000217;987709;UXD;26040
75;Paris;1365376;1000217;987709;EXD;140
76;Seine-Maritime;879749;595293;579947;EXG;8552
76;Seine-Maritime;879749;595293;579947;DVG;1404
76;Seine-Maritime;879749;595293;579947;UG;178687
76;Seine-Maritime;879749;595293;579947;DIV;3
76;Seine-Maritime;879749;595293;579947;HOR;101052
76;Seine-Maritime;879749;595293;579947;ENS;31452
76;Seine-Maritime;879749;595293;579947;DVC;514
76;Seine-Maritime;879749;595293;579947;LR;23079
76;Seine-Maritime;879749;595293;579947;DVD;11452
76;Seine-Maritime;879749;595293;579947;DSV;3064
76;Seine-Maritime;879749;595293;579947;RN;214320
76;Seine-Maritime;879749;595293;579947;REC;6368
77;Seine-et-Marne;915603;596367;580561;EXG;9073
77;Seine-et-Marne;915603;596367;580561;DVG;234
77;Seine-et-Marne;915603;596367;580561;UG;185194
77;Seine-et-Marne;915603;596367;580561;ECO;2102
77;Seine-et-Marne;915603;596367;580561;REG;2691
77;Seine-et-Marne;915603;596367;580561;DIV;440
77;Seine-et-Marne;915603;596367;580561;ENS;99611
77;Seine-et-Marne;915603;596367;580561;DVC;5217
77;Seine-et-Marne;915603;596367;580561;UDI;8507
77;Seine-et-Marne;915603;596367;580561;LR;37696
77;Seine-et-Marne;915603;596367;580561;DVD;29773
77;Seine-et-Marne;915603;596367;580561;DSV;824
77;Seine-et-Marne;915603;596367;580561;RN;155401
77;Seine-et-Marne;915603;596367;580561;REC;5436
77;Seine-et-Marne;915603;596367;580561;UXD;38362
78;Yvelines;975961;688484;675362;EXG;6042
78;Yvelines;975961;688484;675362;RDG;2260
78;Yvelines;975961;688484;675362;DVG;453
78;Yvelines;975961;688484;675362;UG;199549
78;Yvelines;975961;688484;675362;ECO;6268
78;Yvelines;975961;688484;675362;DIV;3555
78;Yvelines;975961;688484;675362;ENS;209177
78;Yvelines;975961;688484;675362;DVC;1372
78;Yvelines;975961;688484;675362;UDI;16344
78;Yvelines;975961;688484;675362;LR;48671
78;Yvelines;975961;688484;675362;DVD;17888
78;Yvelines;975961;688484;675362;DSV;699
78;Yvelines;975961;688484;675362;RN;113730
78;Yvelines;975961;688484;675362;REC;10043
78;Yvelines;975961;688484;675362;UXD;39311
79;Deux-Sèvres;275116;190926;184265;EXG;1970
79;Deux-Sèvres;275116;190926;184265;DVG;0
79;Deux-Sèvres;275116;190926;184265;UG;31104
79;Deux-Sèvres;275116;190926;184265;ECO;25435
79;Deux-Sèvres;275116;190926;184265;ENS;27846
79;Deux-Sèvres;275116;190926;184265;DVC;25247
79;Deux-Sèvres;275116;190926;184265;LR;13598
79;Deux-Sèvres;275116;190926;184265;RN;37947
79;Deux-Sèvres;275116;190926;184265;REC;1533
79;Deux-Sèvres;275116;190926;184265;UXD;19585
80;Somme;408739;277146;269771;EXG;3593
80;Somme;408739;277146;269771;UG;58118
80;Somme;408739;277146;269771;ENS;49247
80;Somme;408739;277146;269771;DVC;5490
80;Somme;408739;277146;269771;LR;30938
80;Somme;408739;277146;269771;DSV;261
80;Somme;408739;277146;269771;RN;120672
80;Somme;408739;277146;269771;REC;1452
81;Tarn;300434;215585;207786;EXG;1846
81;Tarn;300434;215585;207786;DVG;178
81;Tarn;300434;215585;207786;UG;59246
81;Tarn;300434;215585;207786;REG;2023
81;Tarn;300434;215585;207786;ENS;37371
81;Tarn;300434;215585;207786;DVC;17352
81;Tarn;300434;215585;207786;LR;4082
81;Tarn;300434;215585;207786;DSV;95
81;Tarn;300434;215585;207786;RN;52087
81;Tarn;300434;215585;207786;REC;1758
81;Tarn;300434;215585;207786;UXD;31748
82;Tarn-et-Garonne;190618;134726;129472;EXG;1969
82;Tarn-et-Garonne;190618;134726;129472;RDG;9952
82;Tarn-et-Garonne;190618;134726;129472;UG;35557
82;Tarn-et-Garonne;190618;134726;129472;REG;310
82;Tarn-et-Garonne;190618;134726;129472;DIV;769
82;Tarn-et-Garonne;190618;134726;129472;ENS;20126
82;Tarn-et-Garonne;190618;134726;129472;DVC;439
82;Tarn-et-Garonne;190618;134726;129472;RN;32578
82;Tarn-et-Garonne;190618;134726;129472;UXD;27772
83;Var;826248;552961;539876;EXG;4403
83;Var;826248;552961;539876;UG;93769
83;Var;826248;552961;539876;ECO;11272
83;Var;826248;552961;539876;REG;2499
83;Var;826248;552961;539876;DIV;405
83;Var;826248;552961;539876;ENS;99207
83;Var;826248;552961;539876;DVC;1870
83;Var;826248;552961;539876;UDI;15451
83;Var;826248;552961;539876;LR;28716
83;Var;826248;552961;539876;DSV;71
83;Var;826248;552961;539876;RN;274317
83;Var;826248;552961;539876;REC;7896
84;Vaucluse;415418;280711;272652;EXG;2178
84;Vaucluse;415418;280711;272652;DVG;8229
84;Vaucluse;415418;280711;272652;UG;63687
84;Vaucluse;415418;280711;272652;REG;1120
84;Vaucluse;415418;280711;272652;DIV;84
84;Vaucluse;415418;280711;272652;ENS;49374
84;Vaucluse;415418;280711;272652;UDI;1893
84;Vaucluse;415418;280711;272652;LR;14948
84;Vaucluse;415418;280711;272652;RN;126025
84;Vaucluse;415418;280711;272652;REC;5114
85;Vendée;560413;393095;381254;EXG;4165
85;Vendée;560413;393095;381254;UG;77114
85;Vendée;560413;393095;381254;ENS;119085
85;Vendée;560413;393095;381254;DVC;10607
85;Vendée;560413;393095;381254;LR;2633
85;Vendée;560413;393095;381254;DVD;36307
85;Vendée;560413;393095;381254;DSV;3606
85;Vendée;560413;393095;381254;RN;66192
85;Vendée;560413;393095;381254;UXD;59650
85;Vendée;560413;393095;381254;EXD;1895
86;Vienne;307358;214025;207457;EXG;2391
86;Vienne;307358;214025;207457;DVG;10122
86;Vienne;307358;214025;207457;UG;57407
86;Vienne;307358;214025;207457;ECO;417
86;Vienne;307358;214025;207457;HOR;15875
86;Vienne;307358;214025;207457;ENS;48635
86;Vienne;307358;214025;207457;DVC;1263
86;Vienne;307358;214025;207457;DVD;1658
86;Vienne;307358;214025;207457;DSV;752
86;Vienne;307358;214025;207457;RN;68937
87;Haute-Vienne;263679;190699;182287;EXG;2890
87;Haute-Vienne;263679;190699;182287;UG;66285
87;Haute-Vienne;263679;190699;182287;ENS;32481
87;Haute-Vienne;263679;190699;182287;DVC;14768
87;Haute-Vienne;263679;190699;182287;DSV;2110
87;Haute-Vienne;263679;190699;182287;RN;63753
88;Vosges;275351;187158;182281;EXG;2408
88;Vosges;275351;187158;182281;UG;30101
88;Vosges;275351;187158;182281;ECO;10
88;Vosges;275351;187158;182281;ENS;14592
88;Vosges;275351;187158;182281;DVC;1444
88;Vosges;275351;187158;182281;LR;14846
88;Vosges;275351;187158;182281;DVD;41852
88;Vosges;275351;187158;182281;RN;76490
88;Vosges;275351;187158;182281;REC;538
89;Yonne;236949;159338;154848;EXG;2153
89;Yonne;236949;159338;154848;UG;36578
89;Yonne;236949;159338;154848;ECO;1019
89;Yonne;236949;159338;154848;ENS;32681
89;Yonne;236949;159338;154848;LR;7303
89;Yonne;236949;159338;154848;DVD;2271
89;Yonne;236949;159338;154848;DSV;895
89;Yonne;236949;159338;154848;RN;49221
89;Yonne;236949;159338;154848;REC;1730
89;Yonne;236949;159338;154848;UXD;20997
90;Territoire de Belfort;93986;65031;63414;EXG;923
90;Territoire de Belfort;93986;65031;63414;UG;16032
90;Territoire de Belfort;93986;65031;63414;REG;0
90;Territoire de Belfort;93986;65031;63414;ENS;8402
90;Territoire de Belfort;93986;65031;63414;LR;13101
90;Territoire de Belfort;93986;65031;63414;DSV;350
90;Territoire de Belfort;93986;65031;63414;RN;24606
91;Essonne;806813;542633;529623;EXG;4762
91;Essonne;806813;542633;529623;DVG;14504
91;Essonne;806813;542633;529623;UG;187115
91;Essonne;806813;542633;529623;ECO;8900
91;Essonne;806813;542633;529623;DIV;18073
91;Essonne;806813;542633;529623;ENS;108194
91;Essonne;806813;542633;529623;DVC;218
91;Essonne;806813;542633;529623;LR;10326
91;Essonne;806813;542633;529623;DVD;21348
91;Essonne;806813;542633;529623;DSV;16288
91;Essonne;806813;542633;529623;RN;112413
91;Essonne;806813;542633;529623;REC;6338
91;Essonne;806813;542633;529623;UXD;21144
92;Hauts-de-Seine;1012587;734241;720852;EXG;5259
92;Hauts-de-Seine;1012587;734241;720852;DVG;2523
92;Hauts-de-Seine;1012587;734241;720852;UG;259685
92;Hauts-de-Seine;1012587;734241;720852;ECO;5628
92;Hauts-de-Seine;1012587;734241;720852;DIV;700
92;Hauts-de-Seine;1012587;734241;720852;ENS;203502
92;Hauts-de-Seine;1012587;734241;720852;DVC;4672
92;Hauts-de-Seine;1012587;734241;720852;UDI;1487
92;Hauts-de-Seine;1012587;734241;720852;LR;118215
92;Hauts-de-Seine;1012587;734241;720852;DVD;92
92;Hauts-de-Seine;1012587;734241;720852;RN;76767
92;Hauts-de-Seine;1012587;734241;720852;REC;10392
92;Hauts-de-Seine;1012587;734241;720852;UXD;31930
93;Seine-Saint-Denis;819818;496990;485512;EXG;8600
93;Seine-Saint-Denis;819818;496990;485512;FI;8462
93;Seine-Saint-Denis;819818;496990;485512;DVG;30694
93;Seine-Saint-Denis;819818;496990;485512;UG;253604
93;Seine-Saint-Denis;819818;496990;485512;ECO;1212
93;Seine-Saint-Denis;819818;496990;485512;DIV;1340
93;Seine-Saint-Denis;819818;496990;485512;ENS;35389
93;Seine-Saint-Denis;819818;496990;485512;DVC;11201
93;Seine-Saint-Denis;819818;496990;485512;UDI;14020
93;Seine-Saint-Denis;819818;496990;485512;LR;18692
93;Seine-Saint-Denis;819818;496990;485512;DVD;19341
93;Seine-Saint-Denis;819818;496990;485512;RN;81310
93;Seine-Saint-Denis;819818;496990;485512;REC;1561
93;Seine-Saint-Denis;819818;496990;485512;EXD;86
94;Val-de-Marne;805640;547699;536283;EXG;6515
94;Val-de-Marne;805640;547699;536283;DVG;293
94;Val-de-Marne;805640;547699;536283;UG;234262
94;Val-de-Marne;805640;547699;536283;ECO;4733
94;Val-de-Marne;805640;547699;536283;DIV;204
94;Val-de-Marne;805640;547699;536283;ENS;111264
94;Val-de-Marne;805640;547699;536283;DVC;3188
94;Val-de-Marne;805640;547699;536283;UDI;1167
94;Val-de-Marne;805640;547699;536283;LR;43047
94;Val-de-Marne;805640;547699;536283;DVD;22580
94;Val-de-Marne;805640;547699;536283;DSV;939
94;Val-de-Marne;805640;547699;536283;RN;88255
94;Val-de-Marne;805640;547699;536283;REC;7168
94;Val-de-Marne;805640;547699;536283;UXD;12491
94;Val-de-Marne;805640;547699;536283;EXD;177
95;Val-d'Oise;744653;482896;471441;EXG;5458
95;Val-d'Oise;744653;482896;471441;DVG;0
95;Val-d'Oise;744653;482896;471441;UG;186248
95;Val-d'Oise;744653;482896;471441;ECO;3977
95;Val-d'Oise;744653;482896;471441;REG;1049
95;Val-d'Oise;744653;482896;471441;DIV;2966
95;Val-d'Oise;744653;482896;471441;ENS;99038
95;Val-d'Oise;744653;482896;471441;DVC;1788
95;Val-d'Oise;744653;482896;471441;UDI;4812
95;Val-d'Oise;744653;482896;471441;LR;34337
95;Val-d'Oise;744653;482896;471441;DVD;1961
95;Val-d'Oise;744653;482896;471441;DSV;1252
95;Val-d'Oise;744653;482896;471441;RN;111114
95;Val-d'Oise;744653;482896;471441;REC;4203
95;Val-d'Oise;744653;482896;471441;UXD;13238
971;Guadeloupe;318961;107028;101076;EXG;2277
971;Guadeloupe;318961;107028;101076;SOC;19509
971;Guadeloupe;318961;107028;101076;DVG;42618
971;Guadeloupe;318961;107028;101076;UG;226
971;Guadeloupe;318961;107028;101076;REG;4988
971;Guadeloupe;318961;107028;101076;DIV;5399
971;Guadeloupe;318961;107028;101076;DVC;6062
971;Guadeloupe;318961;107028;101076;LR;197
971;Guadeloupe;318961;107028;101076;DVD;2291
971;Guadeloupe;318961;107028;101076;RN;17020
971;Guadeloupe;318961;107028;101076;REC;489
972;Martinique;304683;95062;90186;EXG;1028
972;Martinique;304683;95062;90186;SOC;4489
972;Martinique;304683;95062;90186;DVG;12390
972;Martinique;304683;95062;90186;ECO;2736
972;Martinique;304683;95062;90186;REG;48544
972;Martinique;304683;95062;90186;DIV;100
972;Martinique;304683;95062;90186;UDI;2316
972;Martinique;304683;95062;90186;DVD;9565
972;Martinique;304683;95062;90186;RN;9018
973;Guyane;108900;35462;34337;EXG;269
973;Guyane;108900;35462;34337;DVG;858
973;Guyane;108900;35462;34337;REG;23360
973;Guyane;108900;35462;34337;DVC;4626
973;Guyane;108900;35462;34337;DVD;3308
973;Guyane;108900;35462;34337;RN;1916
974;La Réunion;697145;317485;298834;EXG;4984
974;La Réunion;697145;317485;298834;DVG;78035
974;La Réunion;697145;317485;298834;UG;53105
974;La Réunion;697145;317485;298834;ECO;2126
974;La Réunion;697145;317485;298834;REG;0
974;La Réunion;697145;317485;298834;DIV;8800
974;La Réunion;697145;317485;298834;ENS;3667
974;La Réunion;697145;317485;298834;DVC;15319
974;La Réunion;697145;317485;298834;LR;5670
974;La Réunion;697145;317485;298834;DVD;38659
974;La Réunion;697145;317485;298834;DSV;1622
974;La Réunion;697145;317485;298834;RN;81220
974;La Réunion;697145;317485;298834;REC;3544
974;La Réunion;697145;317485;298834;EXD;2083
975;Saint-Pierre-et-Miquelon;5069;2807;2748;FI;409
975;Saint-Pierre-et-Miquelon;5069;2807;2748;SOC;464
975;Saint-Pierre-et-Miquelon;5069;2807;2748;DVG;400
975;Saint-Pierre-et-Miquelon;5069;2807;2748;DVD;1184
975;Saint-Pierre-et-Miquelon;5069;2807;2748;RN;291
976;Mayotte;98109;42248;39558;EXG;684
976;Mayotte;98109;42248;39558;DVG;552
976;Mayotte;98109;42248;39558;DIV;122
976;Mayotte;98109;42248;39558;DVC;7030
976;Mayotte;98109;42248;39558;LR;6226
976;Mayotte;98109;42248;39558;DVD;16522
976;Mayotte;98109;42248;39558;RN;7933
976;Mayotte;98109;42248;39558;REC;489
986;Wallis et Futuna;9031;6964;6877;ENS;4281
986;Wallis et Futuna;9031;6964;6877;DVC;1028
986;Wallis et Futuna;9031;6964;6877;DVD;1568
987;Polynésie française;212049;91386;89951;ECO;3958
987;Polynésie française;212049;91386;89951;REG;35888
987;Polynésie française;212049;91386;89951;DVD;46697
987;Polynésie française;212049;91386;89951;RN;3408
988;Nouvelle-Calédonie;222114;133305;130788;DVG;11637
988;Nouvelle-Calédonie;222114;133305;130788;ECO;235
988;Nouvelle-Calédonie;222114;133305;130788;REG;56869
988;Nouvelle-Calédonie;222114;133305;130788;DIV;63
988;Nouvelle-Calédonie;222114;133305;130788;HOR;9737
988;Nouvelle-Calédonie;222114;133305;130788;DVD;49527
988;Nouvelle-Calédonie;222114;133305;130788;RN;2562
988;Nouvelle-Calédonie;222114;133305;130788;REC;158
ZX;Saint-Martin/Saint-Barthélemy;25227;7232;6919;DIV;824
ZX;Saint-Martin/Saint-Barthélemy;25227;7232;6919;DVC;2867
ZX;Saint-Martin/Saint-Barthélemy;25227;7232;6919;DVD;2548
ZX;Saint-Martin/Saint-Barthélemy;25227;7232;6919;REC;680
ZZ;Français établis hors de France;1570288;573950;566232;RDG;222
ZZ;Français établis hors de France;1570288;573950;566232;DVG;12395
ZZ;Français établis hors de France;1570288;573950;566232;UG;195346
ZZ;Français établis hors de France;1570288;573950;566232;ECO;2297
ZZ;Français établis hors de France;1570288;573950;566232;REG;507
ZZ;Français établis hors de France;1570288;573950;566232;DIV;7114
ZZ;Français établis hors de France;1570288;573950;566232;ENS;185199
ZZ;Français établis hors de France;1570288;573950;566232;DVC;41508
ZZ;Français établis hors de France;1570288;573950;566232;LR;39297
ZZ;Français établis hors de France;1570288;573950;566232;DVD;6747
ZZ;Français établis hors de France;1570288;573950;566232;DSV;1981
ZZ;Français établis hors de France;1570288;573950;566232;RN;56115
ZZ;Français établis hors de France;1570288;573950;566232;REC;9862
ZZ;Français établis hors de France;1570288;573950;566232;UXD;6147
ZZ;Français établis hors de France;1570288;573950;566232;EXD;1495
