date;actions_europe;actions_tech;obligations;or
2019-01-02;100.00;100.00;100.00;100.00
2019-01-03;98.80;98.18;99.88;99.22
2019-01-04;98.85;98.44;99.51;98.22
2019-01-07;99.72;100.20;99.77;98.04
2019-01-08;100.05;99.63;99.54;97.23
2019-01-09;100.19;99.70;99.51;97.47
2019-01-10;101.21;101.02;98.95;97.94
2019-01-11;99.65;98.04;98.99;97.65
2019-01-14;100.68;98.41;99.22;96.60
2019-01-15;100.54;97.89;99.34;96.78
2019-01-16;99.60;95.91;99.92;96.63
2019-01-17;100.35;97.40;99.71;97.33
2019-01-18;100.53;97.40;99.75;96.78
2019-01-21;101.48;99.29;99.61;97.11
2019-01-22;102.11;100.27;99.64;96.58
2019-01-23;100.92;98.69;100.12;97.61
2019-01-24;102.26;100.80;100.14;98.06
2019-01-25;104.15;103.80;100.67;97.93
2019-01-28;105.47;105.22;101.37;99.22
2019-01-29;105.87;105.61;101.09;99.14
2019-01-30;106.58;106.58;101.09;100.21
2019-01-31;105.93;105.55;101.02;98.95
2019-02-01;104.97;104.06;101.51;98.37
2019-02-04;105.15;104.02;100.78;99.08
2019-02-05;108.05;108.07;100.58;98.82
2019-02-06;111.14;113.01;100.97;98.27
2019-02-07;113.21;116.64;101.12;99.09
2019-02-08;114.09;117.31;100.88;98.50
2019-02-11;113.61;116.09;101.13;98.72
2019-02-12;113.25;115.58;101.39;98.45
2019-02-13;112.61;115.73;101.84;98.40
2019-02-14;111.71;114.83;101.91;100.34
2019-02-15;111.81;114.42;102.33;100.49
2019-02-18;109.95;110.62;103.45;101.81
2019-02-19;110.59;110.98;103.38;100.44
2019-02-20;110.74;111.84;103.74;101.73
2019-02-21;108.96;109.85;104.03;101.21
2019-02-22;107.98;108.09;103.84;102.45
2019-02-25;109.32;109.40;103.76;101.53
2019-02-26;108.85;108.54;103.98;102.81
2019-02-27;110.19;110.27;103.72;102.75
2019-02-28;109.46;108.94;103.26;102.88
2019-03-01;109.52;109.76;103.31;103.39
2019-03-04;110.75;111.45;103.50;102.58
2019-03-05;112.42;114.47;103.69;100.61
2019-03-06;113.12;115.67;103.52;101.14
2019-03-07;114.48;116.87;103.30;99.04
2019-03-08;114.53;116.38;103.38;99.30
2019-03-11;115.55;118.17;103.10;100.57
2019-03-12;116.88;120.59;103.09;100.55
2019-03-13;116.54;119.66;102.90;102.02
2019-03-14;117.24;120.74;102.89;102.25
2019-03-15;116.49;119.47;102.67;101.78
2019-03-18;114.97;117.73;101.97;101.82
2019-03-19;114.06;116.51;102.33;102.06
2019-03-20;113.73;116.19;102.61;101.81
2019-03-21;112.01;113.44;102.21;103.03
2019-03-22;112.39;114.73;101.99;103.64
2019-03-25;112.94;115.79;101.67;104.29
2019-03-26;114.20;118.91;101.51;103.72
2019-03-27;113.45;117.06;101.21;102.83
2019-03-28;114.62;119.18;101.09;101.33
2019-03-29;113.88;119.11;101.27;100.86
2019-04-01;115.18;120.47;101.07;100.51
2019-04-02;115.25;120.39;101.12;100.06
2019-04-03;114.57;118.65;101.27;98.99
2019-04-04;114.60;117.81;101.61;98.76
2019-04-05;115.07;118.76;101.96;98.39
2019-04-08;116.81;121.74;102.12;97.25
2019-04-09;116.61;121.45;101.58;97.78
2019-04-10;119.33;125.50;101.33;97.20
2019-04-11;117.81;122.89;101.32;98.44
2019-04-12;117.12;122.83;100.99;98.17
2019-04-15;116.86;122.15;100.91;100.03
2019-04-16;116.08;121.31;101.15;100.83
2019-04-17;116.61;122.84;101.16;101.11
2019-04-18;118.38;125.62;101.12;100.70
2019-04-19;118.90;126.04;100.86;99.99
2019-04-22;120.68;128.96;101.08;100.49
2019-04-23;120.88;128.53;101.01;99.94
2019-04-24;121.66;130.17;101.10;100.95
2019-04-25;120.38;128.71;100.78;101.54
2019-04-26;119.62;126.67;101.01;101.30
2019-04-29;119.08;124.97;102.10;101.88
2019-04-30;118.68;124.88;102.10;102.38
2019-05-01;119.08;126.10;101.92;101.27
2019-05-02;120.40;128.12;101.61;99.48
2019-05-03;121.01;128.52;101.57;98.18
2019-05-06;121.03;128.63;101.63;98.37
2019-05-07;119.46;125.86;101.59;98.88
2019-05-08;120.74;126.19;101.68;98.63
2019-05-09;124.00;130.69;101.73;97.78
2019-05-10;125.02;132.99;101.65;97.54
2019-05-13;123.71;131.84;101.97;97.65
2019-05-14;122.44;129.73;101.94;97.90
2019-05-15;123.98;132.79;101.31;97.09
2019-05-16;122.72;130.78;101.87;97.13
2019-05-17;123.23;130.50;101.34;97.53
2019-05-20;122.49;127.84;101.18;96.48
2019-05-21;122.33;128.05;101.06;96.02
2019-05-22;123.86;130.25;100.75;95.03
2019-05-23;124.94;130.70;100.50;94.48
2019-05-24;123.21;128.11;100.96;94.74
2019-05-27;122.07;127.06;100.96;93.94
2019-05-28;120.66;125.06;101.18;94.36
2019-05-29;120.34;124.36;101.84;93.59
2019-05-30;120.24;123.45;102.28;93.67
2019-05-31;120.33;123.23;101.97;95.41
2019-06-03;121.35;125.06;102.12;96.13
2019-06-04;120.95;124.89;102.02;95.18
2019-06-05;120.51;124.66;101.80;94.44
2019-06-06;120.54;123.92;101.85;94.56
2019-06-07;121.21;125.17;101.33;95.61
2019-06-10;121.12;126.17;101.27;97.20
2019-06-11;122.09;128.59;101.46;96.95
2019-06-12;118.99;123.31;101.19;98.95
2019-06-13;118.58;122.67;100.95;98.42
2019-06-14;118.80;122.69;100.91;97.32
2019-06-17;119.26;123.93;100.61;96.85
2019-06-18;119.20;125.45;100.59;96.79
2019-06-19;118.73;124.41;100.69;95.90
2019-06-20;118.27;123.10;100.35;95.11
2019-06-21;117.31;121.18;100.37;97.53
2019-06-24;119.27;125.22;100.33;97.10
2019-06-25;120.53;127.44;100.18;96.85
2019-06-26;122.44;129.82;100.00;96.00
2019-06-27;123.59;132.12;99.95;94.38
2019-06-28;124.26;133.43;99.54;94.40
2019-07-01;123.16;131.98;99.66;93.89
2019-07-02;120.22;127.80;100.04;94.23
2019-07-03;117.12;122.98;100.61;95.64
2019-07-04;117.65;123.36;100.45;95.35
2019-07-05;116.70;121.54;100.57;96.69
2019-07-08;117.76;123.06;100.08;96.49
2019-07-09;118.17;124.79;99.96;96.72
2019-07-10;117.41;124.93;99.62;97.57
2019-07-11;116.80;123.39;99.50;98.47
2019-07-12;119.03;127.75;99.72;97.60
2019-07-15;119.72;129.65;99.82;98.48
2019-07-16;119.86;130.79;99.47;99.06
2019-07-17;122.00;134.12;99.78;98.93
2019-07-18;120.29;131.82;99.72;99.33
2019-07-19;119.37;130.82;99.83;99.62
2019-07-22;118.55;130.96;100.04;100.55
2019-07-23;120.10;133.77;100.09;101.71
2019-07-24;117.90;129.53;100.31;103.36
2019-07-25;117.18;128.89;100.22;102.17
2019-07-26;118.16;131.25;99.79;102.95
2019-07-29;116.65;127.18;100.24;103.00
2019-07-30;114.67;123.87;99.99;102.97
2019-07-31;114.97;123.22;99.84;103.32
2019-08-01;115.62;123.61;100.60;103.98
2019-08-02;116.32;124.71;100.61;103.43
2019-08-05;117.73;126.22;100.24;103.66
2019-08-06;117.96;126.75;100.27;105.04
2019-08-07;117.11;125.58;100.51;105.91
2019-08-08;118.87;129.46;100.60;104.72
2019-08-09;119.30;129.49;100.45;102.75
2019-08-12;118.17;127.86;101.17;103.59
2019-08-13;118.31;128.09;101.09;103.17
2019-08-14;122.08;134.86;101.34;102.63
2019-08-15;120.85;131.81;100.96;103.22
2019-08-16;121.40;133.28;101.19;102.41
2019-08-19;118.08;128.46;101.62;103.76
2019-08-20;120.40;131.70;101.89;102.21
2019-08-21;121.42;133.30;101.73;101.18
2019-08-22;121.98;133.49;101.88;100.64
2019-08-23;122.03;134.28;101.80;100.89
2019-08-26;120.91;132.71;102.13;102.39
2019-08-27;120.73;132.30;102.25;101.21
2019-08-28;120.88;133.60;102.48;101.71
2019-08-29;117.82;128.02;102.16;103.12
2019-08-30;117.88;127.91;101.84;102.79
2019-09-02;121.91;135.23;101.54;101.65
2019-09-03;120.94;134.31;101.46;102.54
2019-09-04;119.73;131.59;101.70;102.75
2019-09-05;118.95;129.36;101.67;102.25
2019-09-06;119.11;129.97;101.76;101.67
2019-09-09;117.46;127.16;102.01;101.07
2019-09-10;118.34;128.67;102.12;100.72
2019-09-11;118.88;128.96;101.67;100.63
2019-09-12;118.62;129.14;101.83;100.51
2019-09-13;118.39;129.76;102.36;100.37
2019-09-16;117.15;128.47;102.41;99.92
2019-09-17;118.91;131.55;101.83;99.62
2019-09-18;119.37;133.45;102.24;100.39
2019-09-19;118.26;132.18;102.56;101.61
2019-09-20;119.77;134.86;101.94;102.06
2019-09-23;122.60;140.22;102.07;101.93
2019-09-24;120.62;136.37;102.72;101.67
2019-09-25;122.29;139.35;103.13;102.91
2019-09-26;120.60;136.01;103.07;105.48
2019-09-27;118.62;131.49;103.54;107.04
2019-09-30;118.56;130.35;103.95;107.48
2019-10-01;117.76;129.03;104.16;107.77
2019-10-02;120.72;134.36;103.85;106.60
2019-10-03;118.61;131.38;103.91;106.83
2019-10-04;119.37;132.49;104.13;106.31
2019-10-07;118.82;131.85;103.88;106.09
2019-10-08;118.55;131.34;103.72;107.33
2019-10-09;117.84;130.64;103.38;106.51
2019-10-10;117.48;129.47;103.46;107.46
2019-10-11;115.16;125.94;102.89;107.11
2019-10-14;113.64;122.49;103.20;107.31
2019-10-15;113.93;122.30;103.14;106.11
2019-10-16;113.72;122.21;103.06;106.84
2019-10-17;114.39;123.90;103.49;107.15
2019-10-18;113.48;122.18;103.80;107.40
2019-10-21;114.55;122.45;103.46;105.84
2019-10-22;112.85;119.16;104.01;104.54
2019-10-23;112.19;117.73;104.31;105.54
2019-10-24;112.24;117.82;104.57;105.44
2019-10-25;113.02;118.07;104.31;105.91
2019-10-28;112.67;118.35;104.45;105.65
2019-10-29;114.70;120.26;104.19;105.55
2019-10-30;114.53;119.13;104.08;106.18
2019-10-31;113.40;117.51;104.85;104.45
2019-11-01;114.29;118.70;105.44;104.79
2019-11-04;114.44;118.69;105.95;103.80
2019-11-05;114.16;118.14;105.24;103.54
2019-11-06;114.37;118.77;105.17;103.02
2019-11-07;114.94;119.08;104.68;102.13
2019-11-08;116.54;121.00;104.67;102.66
2019-11-11;118.03;123.81;105.07;104.47
2019-11-12;119.67;127.42;104.92;104.13
2019-11-13;118.69;125.94;105.50;104.93
2019-11-14;119.25;126.60;105.41;105.96
2019-11-15;120.90;128.61;105.37;104.42
2019-11-18;120.92;130.19;105.15;104.38
2019-11-19;119.05;126.73;105.54;104.94
2019-11-20;117.02;124.09;105.42;104.30
2019-11-21;117.72;125.46;105.21;103.73
2019-11-22;116.71;124.71;105.34;102.41
2019-11-25;117.17;125.05;105.74;102.21
2019-11-26;116.81;124.70;105.16;101.51
2019-11-27;117.28;125.74;105.18;100.68
2019-11-28;117.79;127.47;105.78;101.43
2019-11-29;116.23;125.02;105.59;102.17
2019-12-02;117.33;126.67;105.28;101.36
2019-12-03;117.55;127.07;105.58;101.74
2019-12-04;118.65;129.17;105.83;100.36
2019-12-05;119.99;131.19;105.96;100.44
2019-12-06;119.45;131.13;106.13;100.46
2019-12-09;117.57;127.80;106.23;101.20
2019-12-10;116.95;127.25;106.12;101.48
2019-12-11;121.32;134.90;105.49;100.91
2019-12-12;122.11;136.64;104.75;101.25
2019-12-13;121.54;135.83;104.71;102.25
2019-12-16;121.82;136.33;104.43;103.33
2019-12-17;122.69;138.88;104.16;101.92
2019-12-18;123.90;142.45;104.18;102.46
2019-12-19;124.94;143.93;104.34;102.61
2019-12-20;126.31;147.27;104.77;102.37
2019-12-23;126.76;148.30;104.83;102.03
2019-12-24;125.56;146.10;104.96;102.87
2019-12-25;123.63;141.51;104.76;102.99
2019-12-26;124.48;142.47;104.79;101.60
2019-12-27;124.69;142.71;105.06;103.12
2019-12-30;125.85;146.11;104.91;102.91
2019-12-31;125.21;144.90;104.97;102.91
2020-01-01;124.91;145.01;104.80;102.86
2020-01-02;124.42;144.38;104.34;103.30
2020-01-03;125.06;146.55;104.06;103.70
2020-01-06;125.55;147.69;104.32;103.70
2020-01-07;126.36;148.56;103.78;103.06
2020-01-08;127.47;150.25;103.13;103.20
2020-01-09;129.15;153.22;103.23;102.47
2020-01-10;128.65;151.99;103.37;103.35
2020-01-13;128.99;153.52;103.32;103.82
2020-01-14;127.93;151.40;103.74;104.09
2020-01-15;128.37;153.05;103.96;104.97
2020-01-16;127.48;152.00;103.90;104.47
2020-01-17;128.61;153.85;104.22;104.72
2020-01-20;127.12;151.08;104.46;105.78
2020-01-21;127.62;151.06;104.41;107.09
2020-01-22;128.55;151.33;103.87;106.30
2020-01-23;130.44;153.74;103.53;105.25
2020-01-24;129.40;151.22;104.13;106.12
2020-01-27;128.56;149.37;104.39;107.11
2020-01-28;128.37;148.77;104.37;107.46
2020-01-29;129.21;150.25;104.74;107.36
2020-01-30;128.56;148.01;104.77;106.37
2020-01-31;127.47;146.60;105.05;106.36
2020-02-03;126.38;143.26;105.55;106.23
2020-02-04;125.00;139.48;105.82;107.64
2020-02-05;123.33;136.09;106.05;107.98
2020-02-06;121.73;133.49;105.99;108.81
2020-02-07;121.06;132.44;106.05;110.11
2020-02-10;122.53;134.99;106.06;108.92
2020-02-11;124.43;137.65;105.94;108.71
2020-02-12;126.13;140.16;105.84;107.82
2020-02-13;125.62;139.32;106.31;108.83
2020-02-14;123.25;135.31;106.23;108.04
2020-02-17;123.96;137.77;106.42;107.58
2020-02-18;123.15;136.31;105.78;106.70
2020-02-19;123.83;137.43;105.45;106.04
2020-02-20;121.71;132.43;106.07;106.30
2020-02-21;120.12;130.17;106.69;106.37
2020-02-24;118.17;127.65;106.46;105.79
2020-02-25;115.72;124.05;106.02;105.42
2020-02-26;114.74;123.26;106.42;104.78
2020-02-27;112.09;119.98;106.38;104.74
2020-02-28;111.01;118.39;106.33;104.37
2020-03-02;109.20;115.68;106.38;103.59
2020-03-03;106.87;112.70;106.35;103.89
2020-03-04;105.60;111.41;106.29;103.98
2020-03-05;103.42;109.93;106.59;105.25
2020-03-06;100.69;105.94;106.44;106.19
2020-03-09;99.40;104.28;106.42;107.81
2020-03-10;99.49;105.53;106.69;106.92
2020-03-11;97.42;102.36;106.92;106.97
2020-03-12;95.10;98.34;107.44;107.49
2020-03-13;93.67;96.47;106.98;106.88
2020-03-16;92.27;94.83;107.43;107.17
2020-03-17;89.45;90.50;107.91;106.91
2020-03-18;87.69;88.44;108.00;106.08
2020-03-19;85.85;86.36;107.81;104.51
2020-03-20;83.86;83.12;108.17;105.03
2020-03-23;82.25;80.91;108.30;104.23
2020-03-24;82.27;81.23;108.06;104.86
2020-03-25;82.77;82.43;108.39;105.08
2020-03-26;82.55;81.19;108.17;105.99
2020-03-27;84.50;85.01;108.81;107.42
2020-03-30;82.96;82.09;109.16;108.04
2020-03-31;82.71;82.09;109.41;108.17
2020-04-01;83.54;83.28;109.33;107.75
2020-04-02;83.13;82.53;108.79;106.93
2020-04-03;84.01;83.94;108.70;108.25
2020-04-06;85.39;86.03;108.44;107.41
2020-04-07;85.33;85.40;108.15;107.55
2020-04-08;85.48;85.63;107.74;107.14
2020-04-09;86.25;86.04;107.87;107.21
2020-04-10;85.73;84.37;107.32;108.68
2020-04-13;88.50;87.91;107.21;109.13
2020-04-14;88.06;86.31;107.31;108.64
2020-04-15;88.75;87.69;106.88;108.79
2020-04-16;90.58;91.19;106.91;108.18
2020-04-17;90.98;91.62;107.06;108.73
2020-04-20;90.26;90.86;107.38;108.02
2020-04-21;88.48;88.13;107.22;108.47
2020-04-22;89.34;89.24;107.56;107.37
2020-04-23;90.24;90.06;107.90;106.11
2020-04-24;89.77;88.66;108.02;107.87
2020-04-27;90.99;91.16;108.39;107.71
2020-04-28;91.31;92.02;108.16;107.42
2020-04-29;90.27;90.62;108.30;107.60
2020-04-30;89.68;89.56;108.70;107.64
2020-05-01;89.74;89.87;108.65;107.91
2020-05-04;89.10;89.17;108.91;109.38
2020-05-05;88.06;86.83;109.11;107.87
2020-05-06;88.13;87.54;109.10;109.31
2020-05-07;88.47;87.23;109.70;109.22
2020-05-08;88.07;86.09;109.66;108.49
2020-05-11;88.11;85.86;109.75;106.76
2020-05-12;89.23;88.18;109.55;106.21
2020-05-13;89.20;88.15;109.36;105.85
2020-05-14;90.15;88.83;108.95;105.41
2020-05-15;92.46;92.37;109.01;104.28
2020-05-18;93.86;94.54;109.56;103.02
2020-05-19;95.70;97.18;109.52;102.23
2020-05-20;96.12;97.68;110.36;101.99
2020-05-21;97.52;100.24;109.85;101.13
2020-05-22;94.72;95.19;109.51;102.79
2020-05-25;96.38;96.85;109.75;103.42
2020-05-26;97.57;98.63;109.91;104.56
2020-05-27;96.45;97.13;110.50;104.88
2020-05-28;95.25;95.00;111.17;105.67
2020-05-29;97.52;99.30;111.10;104.42
2020-06-01;97.93;99.75;110.93;105.70
2020-06-02;99.50;102.08;110.95;105.01
2020-06-03;99.85;102.30;110.80;105.41
2020-06-04;100.73;102.93;110.61;105.84
2020-06-05;100.80;102.67;110.97;105.97
2020-06-08;100.14;101.75;110.31;106.36
2020-06-09;100.86;102.99;110.21;105.21
2020-06-10;102.25;105.01;110.16;104.59
2020-06-11;105.09;109.80;110.36;104.54
2020-06-12;106.37;112.42;110.76;104.15
2020-06-15;107.65;114.48;111.08;103.79
2020-06-16;105.59;110.55;111.28;104.46
2020-06-17;104.95;109.95;110.94;104.99
2020-06-18;104.36;109.31;111.12;106.44
2020-06-19;105.05;110.73;111.08;106.97
2020-06-22;104.93;109.92;111.07;107.35
2020-06-23;104.30;108.33;111.09;107.84
2020-06-24;102.01;104.61;111.45;108.06
2020-06-25;102.84;106.08;111.22;109.12
2020-06-26;101.37;103.73;111.27;109.75
2020-06-29;102.71;105.45;111.41;109.11
2020-06-30;103.10;106.29;111.87;109.83
2020-07-01;102.45;106.02;111.95;109.00
2020-07-02;104.77;110.18;111.99;106.95
2020-07-03;104.32;109.31;112.48;106.77
2020-07-06;104.60;109.73;112.08;105.96
2020-07-07;102.22;105.32;112.18;105.86
2020-07-08;102.39;105.59;112.25;106.67
2020-07-09;103.43;107.18;112.65;107.89
2020-07-10;102.86;106.73;112.73;107.47
2020-07-13;105.31;111.52;112.69;108.08
2020-07-14;103.53;109.04;113.18;108.53
2020-07-15;103.76;109.89;112.77;106.95
2020-07-16;102.49;107.09;113.15;108.70
2020-07-17;104.17;110.08;113.16;109.51
2020-07-20;105.31;111.28;112.86;108.75
2020-07-21;106.81;113.31;112.45;108.28
2020-07-22;108.22;115.68;112.13;108.22
2020-07-23;110.36;119.59;112.61;108.75
2020-07-24;109.73;117.37;112.78;107.00
2020-07-27;109.23;115.75;112.52;107.53
2020-07-28;109.54;116.17;113.08;109.12
2020-07-29;110.06;117.34;112.92;109.73
2020-07-30;112.29;121.52;112.67;109.74
2020-07-31;112.00;121.21;112.51;109.86
2020-08-03;112.23;122.92;112.00;109.76
2020-08-04;112.02;121.51;111.81;111.96
2020-08-05;112.11;121.96;111.83;111.56
2020-08-06;112.27;122.57;112.04;112.63
2020-08-07;112.79;122.94;112.39;113.30
2020-08-10;113.06;122.11;112.03;112.92
2020-08-11;113.01;122.05;111.34;113.32
2020-08-12;113.12;121.41;110.93;115.02
2020-08-13;114.00;121.91;111.27;116.32
2020-08-14;113.71;121.56;111.32;119.04
2020-08-17;116.83;126.21;111.10;119.22
2020-08-18;116.82;126.24;111.35;119.50
2020-08-19;117.51;127.45;111.18;120.98
2020-08-20;118.70;128.66;111.48;119.82
2020-08-21;118.64;128.22;111.40;119.28
2020-08-24;118.72;128.60;111.26;118.61
2020-08-25;118.67;127.88;111.26;120.23
2020-08-26;119.01;128.38;110.94;121.89
2020-08-27;122.46;136.03;110.57;123.00
2020-08-28;120.91;132.54;110.16;122.92
2020-08-31;119.77;131.01;110.08;120.94
2020-09-01;119.52;130.36;110.65;119.26
2020-09-02;119.86;131.28;110.19;117.97
2020-09-03;119.69;130.14;110.31;118.07
2020-09-04;119.90;132.11;109.99;117.48
2020-09-07;121.43;134.07;109.92;118.63
2020-09-08;120.24;131.76;109.62;119.10
2020-09-09;123.01;136.92;109.53;119.76
2020-09-10;123.01;137.44;110.00;119.69
2020-09-11;124.61;141.41;110.05;120.10
2020-09-14;124.49;140.61;109.56;120.53
2020-09-15;123.35;138.02;109.60;121.60
2020-09-16;120.41;131.52;109.91;124.96
2020-09-17;118.24;127.96;110.09;123.72
2020-09-18;117.50;125.63;110.30;122.63
2020-09-21;115.86;123.75;110.72;123.03
2020-09-22;115.61;123.37;110.62;123.73
2020-09-23;118.72;127.55;110.13;125.25
2020-09-24;120.36;130.10;110.02;126.07
2020-09-25;122.19;132.29;110.32;125.47
2020-09-28;121.84;131.34;111.10;126.22
2020-09-29;122.16;132.12;111.01;126.82
2020-09-30;123.58;133.66;110.87;126.74
2020-10-01;122.10;130.75;110.92;127.54
2020-10-02;121.76;129.79;110.75;128.27
2020-10-05;122.54;131.42;110.96;125.43
2020-10-06;120.94;128.67;110.69;126.75
2020-10-07;123.94;133.89;110.63;125.16
2020-10-08;124.76;135.59;111.09;125.12
2020-10-09;125.13;136.87;110.59;125.13
2020-10-12;124.36;135.77;110.63;126.13
2020-10-13;124.42;135.98;110.16;126.39
2020-10-14;124.18;135.51;109.87;125.43
2020-10-15;124.76;137.13;110.05;124.93
2020-10-16;126.96;141.82;109.85;121.59
2020-10-19;126.71;141.71;109.81;120.97
2020-10-20;125.95;140.82;109.73;122.41
2020-10-21;126.92;143.53;108.95;122.28
2020-10-22;125.58;141.64;108.98;122.43
2020-10-23;127.12;144.57;109.25;122.79
2020-10-26;125.26;141.35;109.24;122.82
2020-10-27;125.54;141.42;109.51;121.26
2020-10-28;126.11;140.78;109.50;119.08
2020-10-29;124.68;138.80;109.36;121.18
2020-10-30;123.47;136.68;109.60;122.39
2020-11-02;122.08;132.84;109.41;121.20
2020-11-03;121.01;131.92;109.22;121.71
2020-11-04;120.03;131.09;109.63;122.14
2020-11-05;119.21;128.13;109.19;123.78
2020-11-06;118.86;127.05;109.92;125.85
2020-11-09;119.45;128.67;110.37;125.90
2020-11-10;115.71;122.09;110.44;126.38
2020-11-11;116.80;124.82;109.74;123.89
2020-11-12;115.35;122.26;109.53;124.85
2020-11-13;116.11;123.64;109.28;123.75
2020-11-16;114.25;120.12;109.21;124.93
2020-11-17;115.31;120.95;108.47;123.70
2020-11-18;118.02;125.16;108.83;122.82
2020-11-19;120.05;128.79;108.99;121.29
2020-11-20;120.41;128.63;108.63;121.14
2020-11-23;120.17;128.76;109.03;121.25
2020-11-24;121.41;130.89;108.75;122.04
2020-11-25;123.07;133.71;108.87;121.85
2020-11-26;124.72;136.37;108.37;122.24
2020-11-27;124.48;135.96;107.77;122.90
2020-11-30;122.93;134.53;107.57;122.96
2020-12-01;122.88;134.96;107.89;122.78
2020-12-02;124.95;138.42;107.88;120.99
2020-12-03;124.24;137.50;107.95;118.69
2020-12-04;124.85;138.38;108.16;118.99
2020-12-07;124.07;137.83;108.41;117.69
2020-12-08;122.76;136.44;108.24;116.72
2020-12-09;124.91;140.27;108.26;116.22
2020-12-10;125.23;140.57;108.10;116.36
2020-12-11;127.60;144.70;108.07;114.86
2020-12-14;131.45;151.93;108.09;116.14
2020-12-15;130.01;148.38;108.53;116.37
2020-12-16;132.41;152.60;108.23;116.76
2020-12-17;131.33;150.01;108.01;116.47
2020-12-18;133.30;154.59;108.21;115.40
2020-12-21;131.63;151.35;108.17;114.68
2020-12-22;132.85;153.29;108.01;112.27
2020-12-23;131.29;150.40;108.21;112.76
2020-12-24;132.85;154.68;107.87;113.63
2020-12-25;134.37;157.60;107.58;112.94
2020-12-28;132.90;157.31;107.82;115.06
2020-12-29;134.83;161.25;107.22;113.84
2020-12-30;135.93;162.82;107.18;112.47
2020-12-31;136.43;162.17;107.02;113.02
2021-01-01;136.44;161.60;106.90;110.85
2021-01-04;136.58;160.44;106.83;111.59
2021-01-05;138.76;163.46;106.64;112.98
2021-01-06;138.13;161.60;106.43;110.37
2021-01-07;136.56;159.43;106.12;111.79
2021-01-08;137.81;161.30;105.63;112.09
2021-01-11;136.51;159.36;105.58;112.30
2021-01-12;135.35;156.76;105.83;114.11
2021-01-13;132.96;152.51;105.97;114.84
2021-01-14;133.11;153.69;106.32;114.71
2021-01-15;133.07;152.19;106.44;116.26
2021-01-18;132.40;151.70;106.29;115.56
2021-01-19;132.07;152.43;105.88;115.03
2021-01-20;133.07;154.50;106.29;116.35
2021-01-21;135.90;160.85;105.67;116.64
2021-01-22;137.56;164.86;105.88;116.19
2021-01-25;137.08;162.19;105.94;117.32
2021-01-26;137.92;163.62;106.07;119.05
2021-01-27;138.60;165.60;106.12;119.08
2021-01-28;136.80;159.71;105.80;120.00
2021-01-29;137.57;160.34;105.90;120.72
2021-02-01;136.02;157.93;106.24;120.67
2021-02-02;137.67;161.88;106.19;121.23
2021-02-03;137.72;161.60;106.58;121.23
2021-02-04;138.66;162.53;106.28;121.10
2021-02-05;140.20;165.68;105.91;120.41
2021-02-08;138.29;162.77;105.58;120.72
2021-02-09;136.44;159.58;104.96;121.13
2021-02-10;136.73;160.33;105.07;119.81
2021-02-11;136.74;160.62;104.63;119.29
2021-02-12;134.70;156.12;104.35;120.46
2021-02-15;137.31;163.40;103.97;120.60
2021-02-16;138.23;164.29;103.69;120.49
2021-02-17;139.09;166.82;103.65;120.51
2021-02-18;139.29;167.26;103.55;120.20
2021-02-19;135.78;160.08;103.82;119.72
2021-02-22;134.91;158.58;104.21;119.10
2021-02-23;135.60;158.78;104.12;117.88
2021-02-24;134.87;156.98;104.01;117.54
2021-02-25;137.34;160.62;104.64;116.80
2021-02-26;136.94;159.85;104.84;115.48
2021-03-01;136.87;160.85;104.95;115.94
2021-03-02;137.84;162.42;104.15;116.26
2021-03-03;137.58;161.64;103.97;115.53
2021-03-04;136.16;158.65;103.72;115.48
2021-03-05;136.45;159.56;103.50;112.98
2021-03-08;136.59;160.23;103.90;112.32
2021-03-09;137.55;161.97;104.13;113.04
2021-03-10;136.16;158.23;103.95;112.74
2021-03-11;135.46;158.16;104.08;112.00
2021-03-12;136.74;160.53;104.35;111.77
2021-03-15;136.51;158.80;103.97;112.34
2021-03-16;137.53;161.86;103.72;111.87
2021-03-17;138.91;164.56;103.99;112.37
2021-03-18;138.50;165.18;103.60;111.35
2021-03-19;138.14;166.50;103.77;111.70
2021-03-22;138.94;167.97;103.97;111.01
2021-03-23;139.40;169.22;103.61;111.22
2021-03-24;139.41;169.12;103.66;111.72
2021-03-25;140.54;170.63;103.80;110.80
2021-03-26;140.48;170.59;103.50;110.86
2021-03-29;140.09;169.49;103.36;110.91
2021-03-30;140.61;169.38;103.05;111.66
2021-03-31;141.31;170.24;103.35;110.60
2021-04-01;143.12;173.61;103.25;111.13
2021-04-02;142.53;173.24;102.58;111.54
2021-04-05;144.31;175.32;103.20;113.05
2021-04-06;143.45;174.46;103.52;115.07
2021-04-07;141.99;172.24;104.13;115.25
2021-04-08;139.16;168.33;104.42;115.18
2021-04-09;138.88;167.53;104.24;114.73
2021-04-12;138.40;165.98;104.57;116.69
2021-04-13;135.02;159.86;104.57;116.73
2021-04-14;135.42;160.53;104.45;116.73
2021-04-15;135.72;160.56;104.29;119.75
2021-04-16;135.29;159.82;104.06;118.30
2021-04-19;136.05;159.40;103.81;118.72
2021-04-20;135.22;157.44;103.48;118.73
2021-04-21;134.64;154.68;103.61;120.22
2021-04-22;134.93;154.80;103.70;120.09
2021-04-23;132.70;150.14;103.87;120.64
2021-04-26;134.34;153.42;103.41;118.56
2021-04-27;133.41;152.04;103.37;118.59
2021-04-28;133.54;152.24;103.46;118.14
2021-04-29;132.93;151.41;103.37;118.63
2021-04-30;131.41;149.85;103.12;117.19
2021-05-03;129.67;146.09;103.02;119.13
2021-05-04;128.38;144.71;103.06;119.27
2021-05-05;129.89;148.21;103.17;119.17
2021-05-06;127.97;145.99;103.17;119.25
2021-05-07;128.90;148.78;102.58;120.40
2021-05-10;127.56;145.72;102.64;121.02
2021-05-11;127.47;145.85;102.55;120.57
2021-05-12;128.59;146.83;102.21;119.69
2021-05-13;128.56;148.35;102.21;119.82
2021-05-14;129.53;150.85;102.30;120.93
2021-05-17;128.51;148.35;102.40;122.32
2021-05-18;128.11;148.11;102.29;123.53
2021-05-19;130.08;151.86;102.04;122.30
2021-05-20;131.77;155.84;102.08;121.08
2021-05-21;130.61;155.07;102.21;122.71
2021-05-24;133.81;161.48;102.00;121.55
2021-05-25;136.39;165.16;102.30;121.53
2021-05-26;137.90;168.61;102.08;121.39
2021-05-27;139.71;172.79;102.02;119.45
2021-05-28;139.21;170.86;101.56;119.16
2021-05-31;139.56;171.42;101.71;118.18
2021-06-01;138.45;169.43;101.86;119.70
2021-06-02;138.50;169.43;101.52;119.03
2021-06-03;138.31;171.03;100.94;117.87
2021-06-04;139.27;173.92;100.62;118.77
2021-06-07;138.70;172.81;100.19;118.12
2021-06-08;135.82;168.15;100.23;119.47
2021-06-09;138.30;172.96;100.06;118.80
2021-06-10;139.12;174.69;100.14;118.51
2021-06-11;139.62;174.74;100.75;117.92
2021-06-14;141.07;178.06;100.49;118.11
2021-06-15;140.95;177.30;100.07;117.88
2021-06-16;141.94;179.32;100.15;116.52
2021-06-17;143.66;182.43;99.96;117.29
2021-06-18;143.47;184.49;99.52;118.98
2021-06-21;144.51;188.22;99.87;119.87
2021-06-22;145.71;190.71;99.69;120.06
2021-06-23;147.76;196.53;99.20;119.85
2021-06-24;144.92;191.78;99.15;119.77
2021-06-25;143.30;187.40;99.13;119.61
2021-06-28;141.62;182.36;99.30;120.27
2021-06-29;142.55;184.73;99.21;119.16
2021-06-30;142.95;185.93;99.24;118.25
2021-07-01;144.02;190.15;99.20;119.74
2021-07-02;146.06;194.30;99.21;118.21
2021-07-05;144.96;192.13;99.19;117.66
2021-07-06;145.17;192.50;99.31;118.16
2021-07-07;143.10;190.00;99.35;119.03
2021-07-08;142.17;188.19;99.56;119.21
2021-07-09;141.66;188.84;99.47;119.68
2021-07-12;142.39;191.60;99.74;119.03
2021-07-13;143.62;193.90;100.15;118.61
2021-07-14;140.70;188.42;99.91;119.28
2021-07-15;138.67;183.49;99.68;119.21
2021-07-16;138.65;182.94;99.64;119.51
2021-07-19;140.22;187.09;99.40;120.18
2021-07-20;140.28;188.06;99.65;121.20
2021-07-21;140.79;189.96;99.75;122.83
2021-07-22;141.11;191.54;99.77;122.44
2021-07-23;141.89;192.80;99.27;122.05
2021-07-26;143.25;196.99;99.29;121.09
2021-07-27;143.83;198.61;98.82;121.49
2021-07-28;143.71;197.80;98.87;121.13
2021-07-29;143.53;197.11;98.49;121.89
2021-07-30;147.00;203.84;98.65;121.68
2021-08-02;146.94;203.72;98.52;121.97
2021-08-03;146.42;203.57;98.40;122.72
2021-08-04;146.94;203.96;98.58;121.65
2021-08-05;148.14;206.87;98.43;120.71
2021-08-06;146.63;203.33;98.55;120.78
2021-08-09;147.98;206.40;98.46;120.65
2021-08-10;148.85;208.16;98.56;120.99
2021-08-11;149.07;207.59;98.28;121.06
2021-08-12;148.68;207.99;97.73;122.39
2021-08-13;146.93;203.71;97.38;122.43
2021-08-16;144.00;197.36;97.35;122.98
2021-08-17;141.29;191.79;97.70;123.75
2021-08-18;139.28;186.43;98.07;125.33
2021-08-19;140.73;190.94;97.81;127.05
2021-08-20;141.83;193.26;97.18;127.06
2021-08-23;141.11;191.08;97.19;126.96
2021-08-24;142.66;195.68;97.22;126.46
2021-08-25;143.89;196.09;97.43;127.21
2021-08-26;144.07;195.81;97.59;126.33
2021-08-27;144.59;198.29;98.20;125.35
2021-08-30;146.69;204.00;98.37;123.57
2021-08-31;147.01;204.94;98.61;123.48
2021-09-01;147.72;206.83;99.05;123.59
2021-09-02;147.37;206.46;99.20;121.61
2021-09-03;147.48;208.13;99.03;121.44
2021-09-06;145.75;202.96;98.82;121.74
2021-09-07;143.42;197.39;99.24;123.80
2021-09-08;146.79;205.45;99.88;122.69
2021-09-09;149.20;212.58;99.37;121.94
2021-09-10;148.88;210.68;99.41;121.78
2021-09-13;151.53;214.89;99.41;122.54
2021-09-14;151.20;213.74;99.30;121.71
2021-09-15;150.72;213.78;99.02;122.20
2021-09-16;149.15;210.57;98.89;121.38
2021-09-17;149.29;210.43;99.01;121.52
2021-09-20;149.94;213.64;99.37;120.62
2021-09-21;153.29;220.46;99.00;119.47
2021-09-22;152.22;218.33;98.96;119.40
2021-09-23;150.02;214.33;98.62;120.59
2021-09-24;146.68;203.63;98.64;121.29
2021-09-27;144.69;200.41;98.36;121.56
2021-09-28;145.05;199.88;98.74;121.48
2021-09-29;146.20;204.37;98.69;122.07
2021-09-30;145.58;202.25;98.15;124.84
2021-10-01;144.77;199.90;98.04;124.72
2021-10-04;146.59;203.95;97.53;125.39
2021-10-05;145.13;199.00;97.91;125.86
2021-10-06;145.16;200.95;97.81;127.04
2021-10-07;143.93;197.98;97.80;126.81
2021-10-08;145.21;199.32;97.66;125.36
2021-10-11;146.51;203.61;97.67;125.10
2021-10-12;144.14;196.75;97.93;126.80
2021-10-13;142.34;194.54;98.53;126.29
2021-10-14;142.61;194.32;98.93;127.03
2021-10-15;142.79;193.91;99.31;126.44
2021-10-18;145.75;197.47;99.78;124.65
2021-10-19;146.35;198.10;99.98;125.13
2021-10-20;146.87;198.75;99.90;123.91
2021-10-21;149.70;206.47;100.07;124.00
2021-10-22;147.94;202.68;100.07;124.06
2021-10-25;144.30;194.63;99.99;124.42
2021-10-26;141.69;190.39;99.76;124.38
2021-10-27;140.46;187.45;100.39;123.62
2021-10-28;142.44;192.47;101.12;123.34
2021-10-29;141.53;192.40;101.06;123.56
2021-11-01;141.59;192.78;101.29;123.31
2021-11-02;141.95;193.15;101.34;122.29
2021-11-03;141.46;194.48;101.10;124.09
2021-11-04;140.75;193.80;101.19;124.50
2021-11-05;140.35;192.60;100.97;122.84
2021-11-08;139.95;193.18;101.63;124.92
2021-11-09;138.15;189.27;101.20;126.96
2021-11-10;139.41;193.14;101.33;126.55
2021-11-11;139.78;194.64;100.93;127.11
2021-11-12;139.30;193.61;100.91;125.47
2021-11-15;140.23;197.09;100.90;126.39
2021-11-16;140.25;196.44;100.76;125.89
2021-11-17;136.67;187.94;100.94;127.72
2021-11-18;136.72;187.94;101.19;127.56
2021-11-19;137.52;189.51;101.54;125.83
2021-11-22;134.90;182.67;102.04;127.15
2021-11-23;134.73;181.91;102.52;128.22
2021-11-24;133.23;179.71;102.83;128.90
2021-11-25;133.44;180.56;102.99;126.98
2021-11-26;134.45;182.80;103.25;128.97
2021-11-29;134.73;182.98;102.55;129.10
2021-11-30;135.60;186.29;102.31;128.70
2021-12-01;136.06;186.55;102.55;128.61
2021-12-02;133.71;181.62;102.50;130.96
2021-12-03;131.49;177.59;102.97;132.08
2021-12-06;133.00;181.70;103.25;132.94
2021-12-07;133.94;183.47;103.44;131.25
2021-12-08;134.63;185.50;103.45;131.47
2021-12-09;132.68;181.60;103.37;131.98
2021-12-10;133.21;182.29;103.43;132.66
2021-12-13;131.76;177.87;103.60;133.81
2021-12-14;132.42;179.63;103.22;134.38
2021-12-15;132.16;180.77;103.59;133.87
2021-12-16;132.24;180.16;103.47;134.62
2021-12-17;131.86;179.37;104.03;135.12
2021-12-20;132.30;181.45;104.05;135.11
2021-12-21;134.74;185.44;103.92;136.27
2021-12-22;134.68;184.04;104.56;135.43
2021-12-23;131.54;179.17;104.40;135.61
2021-12-24;130.60;177.67;104.47;135.19
2021-12-27;130.38;176.79;104.81;136.85
2021-12-28;130.50;177.39;104.56;138.57
2021-12-29;126.61;169.16;104.33;138.30
2021-12-30;126.29;167.50;104.24;137.07
2021-12-31;124.18;162.58;104.58;137.77
2022-01-03;122.08;156.96;104.52;137.22
2022-01-04;120.91;154.22;104.32;137.25
2022-01-05;122.14;157.31;103.79;136.69
2022-01-06;123.48;160.82;103.98;138.19
2022-01-07;124.42;162.56;104.16;138.23
2022-01-10;124.76;163.64;103.88;136.98
2022-01-11;123.45;160.98;103.73;135.61
2022-01-12;124.02;162.83;102.99;134.04
2022-01-13;122.54;160.21;102.75;133.55
2022-01-14;123.52;161.57;103.03;135.92
2022-01-17;125.03;165.72;102.97;135.30
2022-01-18;125.82;166.66;102.87;133.78
2022-01-19;125.81;167.29;102.44;132.86
2022-01-20;124.37;163.94;102.85;134.07
2022-01-21;123.68;163.68;102.79;134.89
2022-01-24;124.95;167.00;102.90;134.21
2022-01-25;124.59;164.75;102.78;136.18
2022-01-26;126.84;167.92;103.02;135.28
2022-01-27;125.62;166.08;103.29;133.47
2022-01-28;126.91;168.72;102.87;133.57
2022-01-31;127.00;169.19;103.55;132.82
2022-02-01;125.80;167.50;103.99;133.47
2022-02-02;124.73;165.31;104.20;132.71
2022-02-03;125.09;166.25;103.92;131.81
2022-02-04;125.26;167.91;104.75;130.79
2022-02-07;124.91;168.03;104.31;131.56
2022-02-08;125.42;167.73;104.94;130.63
2022-02-09;125.62;168.58;104.54;130.18
2022-02-10;127.60;174.79;104.99;130.16
2022-02-11;127.75;174.49;105.18;130.33
2022-02-14;125.17;168.98;105.26;131.28
2022-02-15;125.08;169.68;105.70;131.03
2022-02-16;125.87;172.90;105.41;130.93
2022-02-17;127.04;175.94;105.70;130.16
2022-02-18;127.88;177.25;105.44;129.72
2022-02-21;127.58;176.93;104.96;129.79
2022-02-22;128.36;176.79;104.67;130.76
2022-02-23;128.67;176.72;104.47;130.78
2022-02-24;130.63;180.81;104.48;131.67
2022-02-25;131.61;183.32;104.49;130.38
2022-02-28;133.29;187.18;104.44;128.95
2022-03-01;133.72;187.48;104.47;128.11
2022-03-02;133.71;188.31;104.73;128.69
2022-03-03;135.25;193.81;104.16;129.22
2022-03-04;136.65;197.51;103.75;128.56
2022-03-07;136.70;197.36;103.63;127.68
2022-03-08;135.32;193.31;104.00;129.21
2022-03-09;135.21;193.47;103.96;128.45
2022-03-10;134.47;190.83;103.78;128.23
2022-03-11;133.19;186.85;104.09;129.31
2022-03-14;133.44;187.49;103.97;129.33
2022-03-15;132.52;185.36;104.01;130.10
2022-03-16;135.73;193.22;103.87;131.31
2022-03-17;135.88;193.52;103.87;130.93
2022-03-18;136.72;194.23;103.63;129.02
2022-03-21;136.28;193.46;103.67;129.48
2022-03-22;137.34;194.50;103.46;128.51
2022-03-23;135.72;190.68;103.69;127.75
2022-03-24;138.21;198.60;103.14;126.74
2022-03-25;136.49;194.81;103.05;126.45
2022-03-28;134.84;191.01;102.87;126.83
2022-03-29;135.86;192.68;102.72;127.48
2022-03-30;134.53;188.59;102.36;128.03
2022-03-31;131.83;181.07;102.09;128.95
2022-04-01;130.91;179.77;101.82;127.94
2022-04-04;130.30;178.51;101.77;129.31
2022-04-05;130.98;181.50;101.27;129.44
2022-04-06;130.54;179.16;101.53;130.10
2022-04-07;132.32;184.17;100.96;130.33
2022-04-08;134.11;188.06;100.36;130.14
2022-04-11;134.07;187.18;100.55;131.63
2022-04-12;134.33;188.28;99.91;132.80
2022-04-13;133.61;187.83;99.77;132.56
2022-04-14;134.72;191.06;99.69;131.97
2022-04-15;136.14;195.00;100.14;130.27
2022-04-18;133.87;190.02;99.84;130.95
2022-04-19;133.09;187.69;100.04;131.42
2022-04-20;132.81;188.08;99.50;132.78
2022-04-21;130.92;184.04;100.16;131.95
2022-04-22;133.19;190.85;100.03;130.95
2022-04-25;132.92;190.18;100.21;130.51
2022-04-26;134.28;193.53;100.63;131.41
2022-04-27;133.32;188.76;101.01;132.98
2022-04-28;132.18;184.08;101.32;132.87
2022-04-29;131.68;182.72;101.53;132.92
2022-05-02;131.57;182.23;101.22;133.60
2022-05-03;132.30;185.32;101.55;133.58
2022-05-04;133.60;190.75;101.27;133.53
2022-05-05;133.03;187.39;101.47;132.26
2022-05-06;132.70;186.25;101.24;133.96
2022-05-09;130.56;181.15;101.16;135.12
2022-05-10;130.78;182.16;101.12;135.66
2022-05-11;132.55;186.13;100.89;136.88
2022-05-12;134.00;189.32;100.61;136.74
2022-05-13;134.01;189.62;100.55;138.80
2022-05-16;134.02;191.49;100.79;139.52
2022-05-17;133.18;190.93;101.12;144.93
2022-05-18;130.17;184.68;100.89;144.74
2022-05-19;131.52;186.06;101.02;145.56
2022-05-20;132.24;187.49;100.76;145.69
2022-05-23;132.22;188.15;101.04;146.11
2022-05-24;133.02;188.55;101.31;145.14
2022-05-25;134.55;192.38;101.13;143.35
2022-05-26;134.94;194.75;100.86;144.69
2022-05-27;135.75;195.12;101.01;145.50
2022-05-30;136.09;195.64;100.03;146.06
2022-05-31;133.95;191.56;99.28;145.61
2022-06-01;134.90;193.67;99.02;145.66
2022-06-02;132.55;189.01;98.79;146.02
2022-06-03;131.63;186.56;98.54;145.29
2022-06-06;130.18;183.38;98.74;146.07
2022-06-07;129.00;179.87;98.98;144.98
2022-06-08;131.16;183.56;99.26;144.03
2022-06-09;131.36;184.47;99.29;144.35
2022-06-10;129.74;181.53;100.05;143.54
2022-06-13;130.87;182.83;99.54;143.86
2022-06-14;130.54;183.57;99.74;143.93
2022-06-15;129.05;179.89;100.02;146.32
2022-06-16;127.35;177.16;100.17;146.64
2022-06-17;127.01;175.82;100.44;145.51
2022-06-20;127.21;176.58;99.93;145.31
2022-06-21;126.34;174.50;100.07;146.51
2022-06-22;126.68;175.83;100.47;146.58
2022-06-23;126.15;173.93;101.14;146.40
2022-06-24;125.59;172.71;100.71;147.59
2022-06-27;122.83;168.25;100.43;148.44
2022-06-28;120.95;163.78;100.08;148.52
2022-06-29;123.92;169.70;100.41;148.22
2022-06-30;121.00;163.42;100.29;148.92
2022-07-01;120.07;161.19;100.35;150.14
2022-07-04;119.08;157.77;100.29;152.62
2022-07-05;119.87;158.48;100.29;152.05
2022-07-06;119.91;157.60;100.83;152.26
2022-07-07;120.05;158.14;101.22;152.58
2022-07-08;118.57;155.99;101.42;151.91
2022-07-11;118.45;155.97;101.12;152.15
2022-07-12;116.63;152.35;101.57;152.53
2022-07-13;118.83;157.58;101.46;149.85
2022-07-14;116.00;152.55;101.47;149.99
2022-07-15;116.67;154.04;101.51;150.36
2022-07-18;115.74;153.30;101.26;149.51
2022-07-19;115.48;152.98;101.73;151.25
2022-07-20;115.48;153.39;101.69;151.55
2022-07-21;114.26;150.44;101.28;152.27
2022-07-22;117.10;156.06;101.60;152.07
2022-07-25;117.78;157.09;102.22;151.09
2022-07-26;117.22;156.02;101.87;151.66
2022-07-27;115.35;152.11;101.98;152.58
2022-07-28;114.52;150.26;101.97;152.94
2022-07-29;114.41;149.62;102.06;154.85
2022-08-01;113.22;147.19;102.21;154.79
2022-08-02;111.73;144.32;102.52;155.78
2022-08-03;110.57;140.58;102.42;156.11
2022-08-04;110.53;140.69;102.65;157.34
2022-08-05;109.71;138.70;102.53;157.51
2022-08-08;109.50;137.53;102.65;158.64
2022-08-09;109.06;137.06;102.54;158.39
2022-08-10;108.67;137.90;102.60;159.15
2022-08-11;107.00;134.80;102.80;158.92
2022-08-12;106.88;133.86;103.19;157.41
2022-08-15;107.23;134.67;103.56;155.99
2022-08-16;106.00;132.37;103.60;156.92
2022-08-17;107.54;136.11;103.88;157.28
2022-08-18;107.73;135.64;104.18;157.45
2022-08-19;107.28;134.64;104.29;159.12
2022-08-22;107.24;134.98;104.86;157.91
2022-08-23;105.20;130.31;105.33;158.80
2022-08-24;104.17;127.83;105.51;160.40
2022-08-25;105.79;130.60;105.84;160.71
2022-08-26;104.72;127.36;105.68;159.19
2022-08-29;103.30;125.03;105.44;158.00
2022-08-30;103.08;124.08;105.58;159.64
2022-08-31;102.79;122.77;105.58;160.39
2022-09-01;103.99;126.13;105.38;160.13
2022-09-02;102.27;124.41;105.64;159.17
2022-09-05;101.01;122.43;106.31;159.37
2022-09-06;99.39;118.50;105.86;160.52
2022-09-07;99.44;118.78;106.15;157.90
2022-09-08;99.90;119.64;105.81;155.58
2022-09-09;98.83;117.27;106.10;155.79
2022-09-12;97.26;114.60;106.39;158.18
2022-09-13;96.34;112.59;106.05;157.06
2022-09-14;97.86;115.71;106.14;157.09
2022-09-15;98.40;117.00;106.19;157.37
2022-09-16;97.25;115.85;106.48;158.91
2022-09-19;96.73;115.47;107.12;159.42
2022-09-20;96.62;115.75;107.42;159.85
2022-09-21;96.78;115.77;107.59;159.75
2022-09-22;97.46;116.77;107.16;159.45
2022-09-23;97.28;116.70;107.14;159.05
2022-09-26;98.16;117.94;107.26;159.12
2022-09-27;98.18;117.91;106.76;156.91
2022-09-28;99.44;119.46;107.19;155.21
2022-09-29;99.11;117.29;107.44;156.60
2022-09-30;100.45;119.72;107.89;156.21
2022-10-03;100.66;119.81;107.83;157.80
2022-10-04;102.57;123.26;107.61;156.84
2022-10-05;102.07;122.46;107.55;158.43
2022-10-06;100.47;119.78;107.46;158.45
2022-10-07;101.06;120.60;107.48;159.17
2022-10-10;99.49;116.44;107.75;158.11
2022-10-11;99.74;117.34;107.72;157.57
2022-10-12;99.02;115.75;108.02;158.43
2022-10-13;100.52;118.42;107.95;158.91
2022-10-14;101.05;120.23;107.81;159.16
2022-10-17;101.47;121.93;108.10;156.74
2022-10-18;101.74;122.23;108.38;157.94
2022-10-19;102.13;122.92;108.44;159.11
2022-10-20;103.54;125.21;108.63;159.06
2022-10-21;104.76;126.86;108.58;157.67
2022-10-24;107.60;132.59;108.31;158.44
2022-10-25;107.53;133.57;108.89;158.36
2022-10-26;108.45;133.84;108.82;159.25
2022-10-27;111.45;139.05;108.69;158.26
2022-10-28;112.30;141.07;108.26;156.50
2022-10-31;112.86;140.88;107.75;158.10
2022-11-01;113.61;141.89;107.82;157.96
2022-11-02;114.16;141.84;107.69;158.09
2022-11-03;114.46;141.45;107.83;156.68
2022-11-04;115.37;143.26;107.30;155.82
2022-11-07;112.71;136.85;107.92;159.28
2022-11-08;113.84;139.40;108.14;156.53
2022-11-09;116.01;143.40;108.01;156.65
2022-11-10;113.87;139.35;107.82;159.45
2022-11-11;113.83;141.14;107.98;159.10
2022-11-14;113.59;139.61;108.09;157.39
2022-11-15;113.21;138.39;107.97;157.29
2022-11-16;110.72;134.91;107.55;155.91
2022-11-17;111.40;135.64;107.90;155.97
2022-11-18;108.22;127.98;108.52;156.75
2022-11-21;108.08;127.51;108.72;159.04
2022-11-22;109.49;130.79;109.02;159.47
2022-11-23;108.57;127.61;108.80;160.20
2022-11-24;108.75;127.69;108.39;160.24
2022-11-25;106.94;123.87;108.53;161.25
2022-11-28;105.86;122.43;108.39;163.79
2022-11-29;107.25;124.67;108.06;163.33
2022-11-30;106.11;122.52;107.91;165.32
2022-12-01;104.97;121.17;108.02;166.42
2022-12-02;104.40;120.45;108.05;167.34
2022-12-05;105.98;123.69;107.63;164.62
2022-12-06;104.87;121.07;107.02;167.59
2022-12-07;106.27;123.75;106.75;168.23
2022-12-08;106.87;125.41;106.48;166.53
2022-12-09;106.91;125.55;106.61;164.54
2022-12-12;108.33;129.37;106.67;165.21
2022-12-13;108.42;129.89;106.23;165.01
2022-12-14;107.72;130.40;106.04;165.93
2022-12-15;109.28;133.38;105.65;164.58
2022-12-16;108.44;132.12;105.73;166.98
2022-12-19;109.02;131.81;105.67;167.31
2022-12-20;107.33;128.17;105.65;167.89
2022-12-21;107.04;127.77;105.76;167.17
2022-12-22;108.15;130.10;106.28;169.26
2022-12-23;110.68;135.51;106.37;168.73
2022-12-26;110.77;135.76;107.08;168.15
2022-12-27;111.17;136.85;106.31;171.05
2022-12-28;109.37;132.34;106.25;170.29
2022-12-29;106.72;127.50;106.28;168.44
2022-12-30;107.41;128.54;106.74;167.35
2023-01-02;108.10;129.16;106.70;168.70
2023-01-03;107.66;128.19;106.59;170.00
2023-01-04;108.38;129.06;106.13;170.55
2023-01-05;108.03;128.89;106.27;168.52
2023-01-06;110.37;132.92;106.10;168.58
2023-01-09;108.87;129.60;106.22;168.34
2023-01-10;110.76;133.32;105.97;169.25
2023-01-11;109.25;130.39;105.76;168.19
2023-01-12;111.13;133.32;106.31;168.52
2023-01-13;110.84;132.41;106.60;167.90
2023-01-16;110.21;131.19;106.39;168.51
2023-01-17;110.10;130.83;106.25;165.32
2023-01-18;109.74;129.37;106.33;166.45
2023-01-19;108.61;127.02;106.47;167.73
2023-01-20;108.67;127.65;106.50;165.76
2023-01-23;110.29;130.32;106.44;164.12
2023-01-24;110.09;131.12;106.58;162.82
2023-01-25;110.32;132.11;106.24;163.66
2023-01-26;110.82;133.88;106.38;163.04
2023-01-27;113.33;140.44;106.78;161.82
2023-01-30;112.31;136.56;106.79;160.40
2023-01-31;112.15;135.97;106.97;162.02
2023-02-01;110.71;132.78;106.79;161.87
2023-02-02;111.69;134.01;105.98;162.82
2023-02-03;111.66;134.76;105.95;162.37
2023-02-06;111.80;135.79;105.07;162.81
2023-02-07;111.07;134.68;105.51;161.73
2023-02-08;110.68;134.47;105.32;160.24
2023-02-09;112.12;137.18;105.70;157.78
2023-02-10;113.03;137.98;105.40;156.69
2023-02-13;114.82;141.19;105.64;155.48
2023-02-14;114.57;139.78;105.72;155.64
2023-02-15;113.59;137.09;105.53;153.46
2023-02-16;111.81;134.18;105.56;152.34
2023-02-17;112.10;133.59;105.69;149.84
2023-02-20;111.78;131.74;105.40;149.14
2023-02-21;111.77;130.63;105.61;146.02
2023-02-22;110.76;127.98;105.36;145.70
2023-02-23;112.37;132.04;105.92;144.78
2023-02-24;111.36;129.64;105.81;143.79
2023-02-27;109.12;126.54;105.62;142.90
2023-02-28;110.28;128.73;105.32;142.60
2023-03-01;109.74;127.83;105.56;142.49
2023-03-02;111.50;130.29;105.18;140.60
2023-03-03;110.71;128.26;105.03;140.96
2023-03-06;108.15;123.14;105.29;141.29
2023-03-07;109.53;125.10;105.41;139.95
2023-03-08;108.32;123.28;105.02;138.92
2023-03-09;107.60;122.89;104.71;138.71
2023-03-10;107.43;122.30;104.62;138.13
2023-03-13;108.31;123.61;104.60;138.60
2023-03-14;108.19;123.98;104.41;139.50
2023-03-15;110.40;126.85;104.51;139.20
2023-03-16;113.54;132.67;104.78;139.14
2023-03-17;112.79;129.32;105.03;140.36
2023-03-20;113.22;129.61;105.26;140.60
2023-03-21;112.52;127.54;105.46;139.62
2023-03-22;112.88;128.44;105.08;138.94
2023-03-23;112.51;128.53;105.82;139.75
2023-03-24;112.97;130.08;105.94;141.87
2023-03-27;112.80;128.99;105.84;141.50
2023-03-28;112.66;129.33;106.29;139.32
2023-03-29;113.89;131.08;105.99;140.40
2023-03-30;113.48;130.05;105.62;141.74
2023-03-31;113.96;131.95;105.17;140.07
2023-04-03;114.83;133.87;105.63;138.59
2023-04-04;115.42;135.27;105.52;137.52
2023-04-05;115.16;135.28;105.19;137.21
2023-04-06;114.87;135.44;105.39;137.33
2023-04-07;115.68;137.85;105.44;133.98
2023-04-10;115.85;137.67;105.43;133.86
2023-04-11;115.29;136.85;104.71;136.26
2023-04-12;115.26;136.96;104.85;136.20
2023-04-13;112.93;133.78;105.02;137.44
2023-04-14;111.46;131.27;104.78;139.14
2023-04-17;110.37;128.88;104.90;140.89
2023-04-18;110.55;129.09;105.12;140.85
2023-04-19;112.53;132.91;104.88;138.14
2023-04-20;112.77;132.63;104.48;136.87
2023-04-21;112.05;132.09;104.85;136.25
2023-04-24;111.73;132.60;104.48;135.38
2023-04-25;111.45;133.67;104.40;135.12
2023-04-26;110.18;130.94;104.27;136.55
2023-04-27;109.52;129.16;104.59;135.89
2023-04-28;108.26;127.35;104.47;135.21
2023-05-01;107.83;127.00;104.24;135.63
2023-05-02;108.93;129.55;104.28;137.47
2023-05-03;110.29;132.73;103.99;136.89
2023-05-04;109.91;132.53;103.94;139.20
2023-05-05;110.69;133.93;103.73;138.21
2023-05-08;109.75;131.44;103.64;139.01
2023-05-09;108.71;129.75;103.90;138.33
2023-05-10;110.02;132.89;104.02;139.43
2023-05-11;109.29;132.17;103.72;138.72
2023-05-12;108.63;131.15;103.76;138.52
2023-05-15;106.47;125.85;103.81;138.59
2023-05-16;105.88;124.35;104.24;139.13
2023-05-17;105.38;123.82;104.20;139.12
2023-05-18;104.64;122.76;103.91;140.53
2023-05-19;105.29;123.02;104.28;139.37
2023-05-22;108.00;128.25;104.65;138.86
2023-05-23;106.69;125.60;104.67;138.72
2023-05-24;105.23;121.78;104.81;138.65
2023-05-25;104.46;119.82;105.11;137.07
2023-05-26;105.37;120.81;105.14;137.86
2023-05-29;104.77;119.72;106.00;137.10
2023-05-30;104.42;119.05;105.69;136.44
2023-05-31;104.84;119.94;105.26;135.34
2023-06-01;104.52;119.48;105.17;134.76
2023-06-02;103.59;117.33;105.10;135.39
2023-06-05;104.39;119.18;105.10;133.60
2023-06-06;106.72;122.55;105.55;134.42
2023-06-07;106.33;121.25;105.36;135.20
2023-06-08;106.23;120.81;105.60;135.22
2023-06-09;106.13;120.74;105.56;133.17
2023-06-12;107.47;123.71;105.81;132.25
2023-06-13;107.74;124.39;106.20;131.57
2023-06-14;106.94;122.65;106.52;130.46
2023-06-15;106.34;122.05;106.42;129.56
2023-06-16;104.02;118.66;106.34;128.92
2023-06-19;103.91;119.33;106.60;128.96
2023-06-20;102.80;118.26;107.25;129.36
2023-06-21;102.38;116.94;106.86;129.43
2023-06-22;102.55;118.53;107.35;129.28
2023-06-23;101.66;117.68;107.26;130.74
2023-06-26;103.63;120.98;106.61;131.77
2023-06-27;102.96;120.33;106.77;130.82
2023-06-28;102.50;119.51;106.39;132.56
2023-06-29;102.49;119.60;107.07;133.43
2023-06-30;101.57;118.37;107.61;132.09
2023-07-03;103.50;122.32;107.39;132.24
2023-07-04;103.25;121.49;107.85;132.73
2023-07-05;103.71;121.62;108.29;132.49
2023-07-06;103.81;122.24;108.36;130.68
2023-07-07;104.38;123.56;108.64;130.28
2023-07-10;105.07;124.89;108.45;130.03
2023-07-11;104.91;123.25;108.63;130.09
2023-07-12;103.93;120.95;108.83;131.86
2023-07-13;103.77;120.76;108.80;130.56
2023-07-14;106.12;124.65;108.01;129.44
2023-07-17;103.54;118.53;108.36;129.64
2023-07-18;104.48;120.70;108.67;127.69
2023-07-19;105.58;121.71;108.59;129.30
2023-07-20;107.66;124.87;108.41;128.77
2023-07-21;107.43;124.38;108.58;128.20
2023-07-24;108.45;126.20;108.94;127.65
2023-07-25;108.88;126.16;109.22;128.45
2023-07-26;110.97;129.30;109.75;127.62
2023-07-27;109.51;126.48;109.48;129.03
2023-07-28;110.28;127.06;110.06;129.45
2023-07-31;111.76;129.88;110.26;129.36
2023-08-01;113.28;132.22;110.09;129.03
2023-08-02;113.82;133.39;110.22;128.81
2023-08-03;114.65;134.37;109.62;128.96
2023-08-04;115.57;136.08;109.69;130.12
2023-08-07;114.76;135.34;109.32;130.32
2023-08-08;113.18;133.84;108.77;132.59
2023-08-09;112.46;132.10;108.86;133.46
2023-08-10;112.94;134.23;108.90;133.94
2023-08-11;113.83;135.54;108.99;133.06
2023-08-14;113.90;135.57;108.79;132.90
2023-08-15;113.02;133.75;108.82;135.07
2023-08-16;113.98;135.63;109.08;135.44
2023-08-17;115.33;137.63;108.96;135.26
2023-08-18;115.42;137.37;108.82;135.60
2023-08-21;116.02;137.94;108.72;136.46
2023-08-22;116.12;137.23;108.65;137.49
2023-08-23;117.49;140.77;108.67;137.68
2023-08-24;120.01;145.23;108.59;136.24
2023-08-25;121.57;149.06;108.95;136.02
2023-08-28;120.74;148.17;108.92;137.54
2023-08-29;122.79;151.59;109.11;135.86
2023-08-30;123.29;153.06;108.54;135.51
2023-08-31;126.40;159.16;108.50;134.79
2023-09-01;126.18;158.47;108.87;137.74
2023-09-04;127.30;161.36;108.41;139.63
2023-09-05;125.71;158.34;108.02;139.35
2023-09-06;126.10;158.19;107.06;140.13
2023-09-07;124.07;154.01;107.37;140.07
2023-09-08;124.24;152.45;107.07;138.85
2023-09-11;124.45;152.21;106.79;137.47
2023-09-12;123.69;150.82;106.96;138.97
2023-09-13;121.57;147.40;107.19;138.81
2023-09-14;121.94;148.75;107.12;138.30
2023-09-15;122.93;149.84;107.07;137.43
2023-09-18;122.21;146.71;107.00;137.46
2023-09-19;121.17;144.65;107.14;137.16
2023-09-20;119.39;141.55;107.59;137.55
2023-09-21;118.88;141.65;107.41;137.14
2023-09-22;118.80;141.64;107.54;139.13
2023-09-25;119.60;142.30;108.23;139.65
2023-09-26;120.67;144.56;108.08;139.28
2023-09-27;120.42;144.13;108.08;139.15
2023-09-28;121.48;146.62;107.84;140.58
2023-09-29;121.10;146.34;107.98;140.50
2023-10-02;122.54;147.29;107.83;140.20
2023-10-03;123.27;150.02;107.83;140.68
2023-10-04;122.38;148.72;107.90;141.75
2023-10-05;120.27;146.08;107.86;142.93
2023-10-06;120.03;145.28;108.21;144.13
2023-10-09;119.83;145.35;108.05;142.76
2023-10-10;121.08;148.47;108.42;143.03
2023-10-11;122.97;151.54;107.92;140.80
2023-10-12;120.38;145.17;107.95;141.66
2023-10-13;120.86;146.76;108.04;142.88
2023-10-16;120.81;146.74;108.20;143.92
2023-10-17;120.42;146.90;107.35;144.91
2023-10-18;120.25;146.41;106.98;145.33
2023-10-19;119.83;144.79;107.56;145.78
2023-10-20;118.18;141.36;107.89;143.46
2023-10-23;118.73;141.67;107.22;144.03
2023-10-24;119.80;143.26;106.89;145.37
2023-10-25;121.10;145.07;107.20;142.76
2023-10-26;119.60;142.50;107.43;143.46
2023-10-27;119.32;142.71;106.85;143.92
2023-10-30;120.84;145.60;106.49;143.55
2023-10-31;121.43;147.50;106.31;141.58
2023-11-01;122.81;149.97;105.75;138.44
2023-11-02;121.69;146.82;105.35;137.95
2023-11-03;122.69;149.09;105.06;139.59
2023-11-06;124.99;154.02;105.54;139.65
2023-11-07;124.05;151.96;105.79;143.08
2023-11-08;124.10;152.83;105.80;141.70
2023-11-09;124.89;153.01;106.34;143.98
2023-11-10;123.54;150.30;106.56;144.76
2023-11-13;124.32;152.23;106.51;145.17
2023-11-14;127.29;157.21;106.57;146.97
2023-11-15;130.75;163.29;106.75;146.65
2023-11-16;129.26;159.96;106.38;146.93
2023-11-17;128.72;159.38;106.05;147.25
2023-11-20;129.39;160.73;106.07;145.32
2023-11-21;126.42;154.79;105.85;145.13
2023-11-22;126.46;153.76;106.12;146.17
2023-11-23;127.06;154.08;106.06;144.80
2023-11-24;127.23;153.41;106.04;144.62
2023-11-27;127.10;153.54;105.65;144.90
2023-11-28;129.14;158.77;105.37;143.79
2023-11-29;131.97;164.49;105.84;144.11
2023-11-30;131.17;164.72;106.40;143.72
2023-12-01;129.00;161.64;105.67;144.64
2023-12-04;130.06;163.57;105.55;146.36
2023-12-05;128.25;160.61;105.39;148.42
2023-12-06;126.93;157.85;105.34;150.11
2023-12-07;126.83;157.20;105.42;149.36
2023-12-08;129.72;163.23;104.94;148.94
2023-12-11;130.66;165.69;105.14;148.11
2023-12-12;132.86;170.99;105.10;149.08
2023-12-13;132.96;169.86;105.07;149.36
2023-12-14;134.64;173.94;105.29;151.86
2023-12-15;134.22;173.47;105.17;150.79
2023-12-18;135.32;175.56;104.85;149.84
2023-12-19;135.23;175.39;104.73;151.29
2023-12-20;136.23;177.88;105.21;151.97
2023-12-21;135.73;177.60;105.35;152.34
2023-12-22;134.64;175.50;105.93;151.04
2023-12-25;134.56;175.19;106.67;149.50
2023-12-26;136.74;179.45;106.64;149.15
2023-12-27;137.66;181.51;106.84;147.07
2023-12-28;135.82;177.50;106.44;148.73
2023-12-29;136.69;179.80;106.63;148.53
2024-01-01;136.24;177.70;106.41;147.65
2024-01-02;137.40;179.93;106.69;146.51
2024-01-03;138.52;182.65;106.60;146.61
2024-01-04;140.47;188.02;106.96;146.07
2024-01-05;139.16;185.93;107.91;146.14
2024-01-08;139.09;186.74;108.00;147.39
2024-01-09;142.68;193.46;107.88;145.25
2024-01-10;141.61;192.87;107.19;146.20
2024-01-11;141.34;193.96;107.60;148.42
2024-01-12;141.26;193.32;108.08;148.59
2024-01-15;142.68;196.92;107.69;148.10
2024-01-16;140.86;192.27;107.28;148.88
2024-01-17;142.83;196.56;107.16;148.39
2024-01-18;141.11;190.08;106.92;147.71
2024-01-19;139.58;186.10;106.78;148.57
2024-01-22;137.45;182.49;106.65;146.78
2024-01-23;137.91;184.55;106.63;147.02
2024-01-24;138.21;185.51;106.09;147.34
2024-01-25;135.69;178.97;106.42;147.94
2024-01-26;136.32;180.53;106.56;148.66
2024-01-29;134.89;179.43;106.80;150.44
2024-01-30;134.89;176.53;106.67;149.80
2024-01-31;137.88;184.86;106.61;148.68
2024-02-01;136.76;183.06;106.67;147.71
2024-02-02;139.80;188.84;106.78;147.02
2024-02-05;138.77;186.78;107.37;149.34
2024-02-06;138.50;187.13;107.09;150.39
2024-02-07;136.38;182.55;107.41;152.97
2024-02-08;138.07;185.78;106.60;151.30
2024-02-09;137.68;187.10;106.75;151.98
2024-02-12;137.84;187.83;107.11;152.11
2024-02-13;139.80;191.31;107.31;152.33
2024-02-14;141.99;195.76;107.66;153.60
2024-02-15;142.00;197.91;107.74;154.58
2024-02-16;142.29;198.03;107.75;154.37
2024-02-19;143.11;200.13;107.99;154.32
2024-02-20;142.46;198.02;107.67;153.26
2024-02-21;141.00;193.66;107.23;152.88
2024-02-22;140.40;192.80;106.89;155.10
2024-02-23;140.20;194.20;106.56;155.76
2024-02-26;142.50;200.70;106.15;153.34
2024-02-27;143.86;202.73;106.00;151.65
2024-02-28;142.79;200.30;106.25;152.22
2024-02-29;142.81;200.68;106.44;150.60
2024-03-01;142.71;199.59;105.97;149.49
2024-03-04;140.79;195.21;106.18;147.57
2024-03-05;141.83;198.72;106.07;148.44
2024-03-06;139.57;193.73;106.21;148.33
2024-03-07;141.61;200.42;105.81;148.53
2024-03-08;142.20;201.26;105.47;150.27
2024-03-11;142.65;202.15;105.70;151.93
2024-03-12;142.46;202.45;105.86;153.61
2024-03-13;142.03;201.96;105.43;152.34
2024-03-14;141.18;200.13;104.99;152.15
2024-03-15;143.71;207.30;104.76;152.38
2024-03-18;143.30;204.03;104.87;152.94
2024-03-19;145.68;208.34;104.84;151.78
2024-03-20;147.77;213.11;104.77;150.58
2024-03-21;149.86;218.99;104.65;151.75
2024-03-22;148.37;214.92;104.34;151.40
2024-03-25;148.51;215.25;104.24;151.45
2024-03-26;147.23;213.73;104.81;151.45
2024-03-27;147.22;213.83;104.50;149.80
2024-03-28;146.98;214.26;104.53;148.09
2024-03-29;150.46;223.18;104.30;146.03
2024-04-01;150.63;221.54;104.31;146.27
2024-04-02;152.95;228.50;104.61;144.88
2024-04-03;153.67;230.30;104.82;144.09
2024-04-04;151.90;226.79;104.82;147.24
2024-04-05;150.43;221.88;105.13;148.64
2024-04-08;149.89;219.83;104.91;147.92
2024-04-09;151.37;224.12;104.84;150.59
2024-04-10;149.73;221.41;104.30;150.97
2024-04-11;147.83;217.33;104.98;152.49
2024-04-12;149.35;221.03;104.73;152.50
2024-04-15;149.42;221.27;104.36;150.94
2024-04-16;151.39;228.08;105.20;151.88
2024-04-17;151.88;229.55;105.48;155.70
2024-04-18;153.31;234.56;105.44;157.19
2024-04-19;153.86;236.36;105.38;156.31
2024-04-22;153.80;235.83;105.62;156.84
2024-04-23;154.17;237.29;105.83;156.43
2024-04-24;153.88;236.48;105.64;157.69
2024-04-25;155.34;237.47;105.21;157.97
2024-04-26;158.97;245.83;104.90;157.81
2024-04-29;157.83;243.76;104.69;157.64
2024-04-30;156.52;241.00;104.72;158.30
2024-05-01;154.23;236.46;104.74;159.58
2024-05-02;152.28;230.59;104.43;159.34
2024-05-03;152.01;228.33;104.54;158.39
2024-05-06;149.51;221.58;104.47;158.62
2024-05-07;152.15;229.38;104.61;159.15
2024-05-08;152.41;230.54;104.96;158.07
2024-05-09;150.13;224.31;104.85;158.12
2024-05-10;148.81;222.12;104.88;159.91
2024-05-13;148.57;220.43;105.26;160.43
2024-05-14;150.88;225.75;105.87;158.53
2024-05-15;147.92;217.00;105.54;159.61
2024-05-16;147.25;215.35;106.25;159.22
2024-05-17;148.47;218.50;106.13;158.71
2024-05-20;148.87;220.79;105.67;159.17
2024-05-21;146.49;215.39;106.20;160.62
2024-05-22;146.52;215.75;106.23;159.63
2024-05-23;144.88;211.04;106.42;159.59
2024-05-24;145.78;213.88;106.40;159.48
2024-05-27;145.01;210.86;106.93;160.98
2024-05-28;144.80;210.55;106.93;159.64
2024-05-29;145.12;211.48;107.59;159.67
2024-05-30;143.18;206.94;107.36;160.18
2024-05-31;142.21;205.18;108.24;160.19
2024-06-03;142.96;205.64;108.53;159.36
2024-06-04;147.69;218.31;108.96;159.66
2024-06-05;150.62;224.73;109.14;160.37
2024-06-06;151.36;225.54;108.85;162.27
2024-06-07;152.32;227.86;108.71;164.55
2024-06-10;153.21;228.36;108.55;164.17
2024-06-11;151.83;224.75;108.61;164.99
2024-06-12;152.76;227.16;109.26;164.59
2024-06-13;153.02;226.03;109.19;165.84
2024-06-14;154.11;227.59;109.68;163.79
2024-06-17;150.43;218.91;109.73;161.83
2024-06-18;148.17;214.42;110.17;164.64
2024-06-19;146.06;208.59;109.80;163.45
2024-06-20;145.56;208.32;110.26;163.20
2024-06-21;144.90;206.62;110.19;162.51
2024-06-24;144.92;207.40;110.24;163.97
2024-06-25;145.97;209.43;110.06;164.65
2024-06-26;144.81;207.47;109.86;165.93
2024-06-27;145.80;210.57;109.68;164.13
2024-06-28;146.81;212.81;109.96;162.57
2024-07-01;146.14;209.50;110.33;163.51
2024-07-02;143.01;204.42;110.45;165.29
2024-07-03;141.04;199.13;110.39;166.01
2024-07-04;139.47;196.92;110.60;165.68
2024-07-05;138.74;194.45;111.02;166.93
2024-07-08;138.70;192.39;110.71;167.20
2024-07-09;140.38;195.98;110.40;166.86
2024-07-10;143.49;203.37;110.37;164.66
2024-07-11;143.40;201.59;110.80;165.56
2024-07-12;140.81;195.20;110.79;168.27
2024-07-15;138.21;190.26;110.87;169.24
2024-07-16;138.15;190.63;111.57;169.98
2024-07-17;139.54;193.71;111.03;170.45
2024-07-18;142.76;202.97;110.51;170.58
2024-07-19;143.25;203.39;110.31;172.41
2024-07-22;142.82;202.79;110.13;172.31
2024-07-23;141.26;197.68;110.37;172.13
2024-07-24;139.96;193.79;110.42;171.12
2024-07-25;143.34;201.91;110.64;168.84
2024-07-26;143.19;202.03;110.91;170.48
2024-07-29;143.59;203.64;111.14;169.84
2024-07-30;143.18;203.08;110.93;167.91
2024-07-31;142.31;201.00;111.04;169.73
2024-08-01;142.42;200.52;111.00;170.59
2024-08-02;141.01;195.91;110.94;171.87
2024-08-05;141.92;197.55;111.55;171.60
2024-08-06;142.01;197.79;111.45;170.86
2024-08-07;140.08;194.66;112.04;171.57
2024-08-08;140.23;194.96;112.66;171.85
2024-08-09;141.39;194.97;112.85;171.67
2024-08-12;141.58;195.76;113.05;174.03
2024-08-13;141.11;194.93;112.86;174.01
2024-08-14;142.12;197.02;112.93;177.72
2024-08-15;141.13;195.67;112.33;177.05
2024-08-16;138.69;189.68;112.31;174.66
2024-08-19;136.62;187.57;111.84;175.17
2024-08-20;138.03;190.13;111.61;176.37
2024-08-21;137.25;189.09;111.41;178.62
2024-08-22;136.42;188.25;111.69;177.39
2024-08-23;135.23;186.60;111.71;176.87
2024-08-26;135.58;186.61;111.67;177.81
2024-08-27;134.65;186.03;111.65;178.59
2024-08-28;135.43;185.79;112.29;179.30
2024-08-29;136.17;188.17;112.22;179.78
2024-08-30;133.76;181.54;112.98;179.49
2024-09-02;132.66;179.81;113.31;180.77
2024-09-03;130.10;174.48;113.40;182.71
2024-09-04;129.29;171.75;113.37;183.92
2024-09-05;129.27;172.24;113.36;182.53
2024-09-06;128.59;170.99;114.03;181.40
2024-09-09;128.41;169.75;114.30;178.81
2024-09-10;131.07;175.03;113.78;177.65
2024-09-11;130.39;172.29;113.89;178.88
2024-09-12;129.70;169.97;114.17;181.28
2024-09-13;129.65;170.74;114.06;177.24
2024-09-16;128.59;169.60;113.66;178.67
2024-09-17;126.50;164.88;113.17;179.41
2024-09-18;125.27;162.10;113.18;178.84
2024-09-19;125.05;162.42;113.09;179.04
2024-09-20;126.74;167.05;113.19;175.80
2024-09-23;128.69;170.79;113.03;175.55
2024-09-24;129.64;170.48;113.12;174.74
2024-09-25;128.86;168.67;113.67;175.20
2024-09-26;128.87;167.63;113.61;174.53
2024-09-27;127.95;164.87;113.83;174.11
2024-09-30;128.06;165.45;113.86;174.81
2024-10-01;127.15;163.42;114.04;174.72
2024-10-02;127.44;164.24;114.02;173.99
2024-10-03;126.76;162.12;113.19;174.10
2024-10-04;126.28;161.28;113.30;173.94
2024-10-07;125.96;161.98;112.98;172.81
2024-10-08;126.39;162.82;112.85;171.26
2024-10-09;127.07;164.93;113.17;171.42
2024-10-10;130.43;171.74;112.67;171.52
2024-10-11;132.40;175.74;112.83;170.96
2024-10-14;133.03;176.89;113.23;169.68
2024-10-15;134.60;180.15;113.07;168.14
2024-10-16;134.40;180.01;113.33;164.69
2024-10-17;135.83;183.93;113.70;165.77
2024-10-18;138.33;188.95;113.32;167.84
2024-10-21;137.84;187.42;113.01;170.08
2024-10-22;139.88;192.30;112.71;169.49
2024-10-23;139.39;191.24;112.52;167.38
2024-10-24;141.25;193.30;113.10;167.58
2024-10-25;141.11;194.06;112.59;168.42
2024-10-28;144.60;201.45;112.29;167.51
2024-10-29;145.30;201.99;112.31;166.14
2024-10-30;143.94;198.62;112.27;167.19
2024-10-31;146.04;204.65;112.52;166.00
2024-11-01;143.62;200.13;112.59;167.01
2024-11-04;144.99;203.36;113.11;166.80
2024-11-05;144.93;203.16;113.09;165.34
2024-11-06;146.70;209.03;112.79;164.75
2024-11-07;148.51;213.96;112.46;165.43
2024-11-08;148.02;211.45;112.17;165.24
2024-11-11;148.34;212.44;111.55;164.40
2024-11-12;150.66;217.14;111.03;162.43
2024-11-13;150.01;215.97;110.86;163.46
2024-11-14;150.09;216.36;111.12;161.35
2024-11-15;151.12;217.47;111.22;160.85
2024-11-18;148.44;213.07;111.35;162.18
2024-11-19;149.28;212.93;111.36;162.32
2024-11-20;152.27;218.55;111.69;160.98
2024-11-21;153.03;220.43;111.98;161.32
2024-11-22;151.77;218.50;111.79;162.48
2024-11-25;151.26;218.43;111.39;161.57
2024-11-26;149.68;214.51;111.35;161.05
2024-11-27;148.14;212.42;111.69;162.09
2024-11-28;149.79;216.48;111.79;160.23
2024-11-29;151.51;220.23;112.05;159.51
2024-12-02;151.54;220.12;111.83;161.24
2024-12-03;149.69;214.62;111.88;163.84
2024-12-04;149.75;216.51;112.16;165.17
2024-12-05;152.17;221.76;111.58;164.03
2024-12-06;151.26;220.62;111.43;162.59
2024-12-09;151.40;221.31;111.88;163.31
2024-12-10;151.64;222.79;112.20;162.81
2024-12-11;154.36;230.02;111.59;163.81
2024-12-12;154.00;229.73;111.67;162.97
2024-12-13;152.08;225.15;111.77;163.15
2024-12-16;151.06;223.94;111.53;163.10
2024-12-17;147.01;214.83;110.97;162.13
2024-12-18;149.25;220.12;110.93;160.32
2024-12-19;149.21;219.70;110.93;161.25
2024-12-20;148.75;219.77;110.71;160.70
2024-12-23;149.18;221.04;110.57;163.99
2024-12-24;150.98;226.11;110.91;165.87
2024-12-25;152.79;231.64;111.25;166.64
2024-12-26;155.25;236.62;111.14;164.98
2024-12-27;153.91;232.05;111.60;163.79
2024-12-30;155.11;236.02;111.82;165.36
2024-12-31;154.36;233.75;111.97;164.29
